Watching for file changes with StatReloader
Waiting for apps ready_event.
Apps ready_event triggered. Sending autoreload_started signal.
Watching dir C:\Users\User\Downloads\bannedgram-alex (1)\bannedgram-alex\banned_gram\core\templates with glob **/*.
Watching dir C:\Users\User\Downloads\bannedgram-alex (1)\bannedgram-alex\banned_gram\locale with glob **/*.mo.
Watching dir C:\Users\User\Downloads\bannedgram-alex (1)\bannedgram-alex\banned_gram\core\locale with glob **/*.mo.
(0.000) 
            SELECT name, type FROM sqlite_master
            WHERE type in ('table', 'view') AND NOT name='sqlite_sequence'
            ORDER BY name; args=None; alias=default
(0.000) SELECT "django_migrations"."id", "django_migrations"."app", "django_migrations"."name", "django_migrations"."applied" FROM "django_migrations"; args=(); alias=default
File C:\Users\User\AppData\Local\Programs\Python\Python313\Lib\asyncio\windows_utils.py first seen with mtime 1738676256.0
File C:\Users\User\AppData\Local\Programs\Python\Python313\Lib\site-packages\django\contrib\admin\helpers.py first seen with mtime 1743440447.2093794
File C:\Users\User\AppData\Local\Programs\Python\Python313\Lib\site-packages\django\db\backends\sqlite3\creation.py first seen with mtime 1743440448.9049704
File C:\Users\User\AppData\Local\Programs\Python\Python313\Lib\site-packages\django\utils\deconstruct.py first seen with mtime 1743440449.0159688
File C:\Users\User\AppData\Local\Programs\Python\Python313\Lib\site-packages\django\middleware\__init__.py first seen with mtime 1743440448.9819305
File C:\Users\User\AppData\Local\Programs\Python\Python313\Lib\html\parser.py first seen with mtime 1738676256.0
File C:\Users\User\AppData\Local\Programs\Python\Python313\Lib\site-packages\django\core\checks\messages.py first seen with mtime 1743440448.8419125
File C:\Users\User\AppData\Local\Programs\Python\Python313\Lib\encodings\utf_8.py first seen with mtime 1738676256.0
File C:\Users\User\AppData\Local\Programs\Python\Python313\Lib\site-packages\django\utils\dateformat.py first seen with mtime 1743440449.013624
File C:\Users\User\AppData\Local\Programs\Python\Python313\Lib\site-packages\django\core\servers\basehttp.py first seen with mtime 1743440448.8794518
File C:\Users\User\AppData\Local\Programs\Python\Python313\Lib\site-packages\django\views\decorators\debug.py first seen with mtime 1743440449.0371156
File C:\Users\User\AppData\Local\Programs\Python\Python313\Lib\site-packages\django\contrib\admin\templatetags\base.py first seen with mtime 1743440447.521538
File C:\Users\User\AppData\Local\Programs\Python\Python313\Lib\site-packages\sqlparse\formatter.py first seen with mtime 1743440446.2448235
File C:\Users\User\AppData\Local\Programs\Python\Python313\Lib\site-packages\django\core\serializers\python.py first seen with mtime 1743440448.8774493
File C:\Users\User\AppData\Local\Programs\Python\Python313\Lib\site-packages\django\utils\autoreload.py first seen with mtime 1743440449.002774
File C:\Users\User\AppData\Local\Programs\Python\Python313\Lib\asyncio\locks.py first seen with mtime 1738676256.0
File C:\Users\User\AppData\Local\Programs\Python\Python313\Lib\_compression.py first seen with mtime 1738676256.0
File C:\Users\User\AppData\Local\Programs\Python\Python313\Lib\site-packages\django\contrib\auth\__init__.py first seen with mtime 1743440447.6679766
File C:\Users\User\AppData\Local\Programs\Python\Python313\Lib\site-packages\django\core\checks\database.py first seen with mtime 1743440448.8419125
File C:\Users\User\AppData\Local\Programs\Python\Python313\Lib\fractions.py first seen with mtime 1738676256.0
File C:\Users\User\AppData\Local\Programs\Python\Python313\Lib\pathlib\_local.py first seen with mtime 1738676256.0
File C:\Users\User\AppData\Local\Programs\Python\Python313\Lib\site-packages\sqlparse\exceptions.py first seen with mtime 1743440446.2448235
File C:\Users\User\AppData\Local\Programs\Python\Python313\Lib\json\encoder.py first seen with mtime 1738676256.0
File C:\Users\User\AppData\Local\Programs\Python\Python313\Lib\traceback.py first seen with mtime 1738676256.0
File C:\Users\User\AppData\Local\Programs\Python\Python313\Lib\site-packages\django\contrib\sessions\models.py first seen with mtime 1743440448.555061
File C:\Users\User\AppData\Local\Programs\Python\Python313\Lib\asyncio\events.py first seen with mtime 1738676256.0
File C:\Users\User\AppData\Local\Programs\Python\Python313\Lib\site-packages\django\contrib\admin\templatetags\__init__.py first seen with mtime 1743440447.5195336
File C:\Users\User\AppData\Local\Programs\Python\Python313\Lib\site-packages\django\forms\formsets.py first seen with mtime 1743440448.9425058
File C:\Users\User\AppData\Local\Programs\Python\Python313\Lib\site-packages\django\contrib\auth\checks.py first seen with mtime 1743440447.6752112
File C:\Users\User\AppData\Local\Programs\Python\Python313\Lib\site-packages\sqlparse\cli.py first seen with mtime 1743440446.2448235
File C:\Users\User\AppData\Local\Programs\Python\Python313\Lib\site-packages\sqlparse\filters\aligned_indent.py first seen with mtime 1743440446.2448235
File C:\Users\User\AppData\Local\Programs\Python\Python313\Lib\multiprocessing\process.py first seen with mtime 1738676256.0
File C:\Users\User\AppData\Local\Programs\Python\Python313\Lib\site-packages\django\core\serializers\__init__.py first seen with mtime 1743440448.8754468
File C:\Users\User\AppData\Local\Programs\Python\Python313\Lib\concurrent\futures\__init__.py first seen with mtime 1738676256.0
File C:\Users\User\AppData\Local\Programs\Python\Python313\Lib\site-packages\django\contrib\auth\admin.py first seen with mtime 1743440447.6679766
File C:\Users\User\AppData\Local\Programs\Python\Python313\Lib\graphlib.py first seen with mtime 1738676256.0
File C:\Users\User\AppData\Local\Programs\Python\Python313\Lib\site-packages\django\apps\config.py first seen with mtime 1743440446.9936962
File C:\Users\User\AppData\Local\Programs\Python\Python313\Lib\site-packages\django\views\decorators\__init__.py first seen with mtime 1743440449.0333745
File C:\Users\User\AppData\Local\Programs\Python\Python313\Lib\site-packages\django\template\loaders\cached.py first seen with mtime 1743440448.9976647
File C:\Users\User\AppData\Local\Programs\Python\Python313\Lib\re\_compiler.py first seen with mtime 1738676256.0
File C:\Users\User\AppData\Local\Programs\Python\Python313\DLLs\_zoneinfo.pyd first seen with mtime 1738676306.0
File C:\Users\User\AppData\Local\Programs\Python\Python313\Lib\site-packages\django\core\management\__init__.py first seen with mtime 1743440448.861684
File C:\Users\User\AppData\Local\Programs\Python\Python313\Lib\site-packages\django\contrib\staticfiles\__init__.py first seen with mtime 1743440448.8238802
File C:\Users\User\AppData\Local\Programs\Python\Python313\Lib\site-packages\django\db\models\fields\proxy.py first seen with mtime 1743440448.928191
File C:\Users\User\AppData\Local\Programs\Python\Python313\Lib\keyword.py first seen with mtime 1738676256.0
File C:\Users\User\AppData\Local\Programs\Python\Python313\Lib\json\scanner.py first seen with mtime 1738676256.0
File C:\Users\User\AppData\Local\Programs\Python\Python313\Lib\site-packages\django\db\models\sql\__init__.py first seen with mtime 1743440448.934728
File C:\Users\User\AppData\Local\Programs\Python\Python313\DLLs\_ssl.pyd first seen with mtime 1738676306.0
File C:\Users\User\AppData\Local\Programs\Python\Python313\Lib\site-packages\django\contrib\staticfiles\utils.py first seen with mtime 1743440448.8288906
File C:\Users\User\AppData\Local\Programs\Python\Python313\Lib\site-packages\django\utils\timezone.py first seen with mtime 1743440449.0263627
File C:\Users\User\AppData\Local\Programs\Python\Python313\Lib\email\_header_value_parser.py first seen with mtime 1738676256.0
File C:\Users\User\AppData\Local\Programs\Python\Python313\Lib\site-packages\django\forms\utils.py first seen with mtime 1743440448.9425058
File C:\Users\User\AppData\Local\Programs\Python\Python313\Lib\site-packages\django\utils\datastructures.py first seen with mtime 1743440449.013624
File C:\Users\User\AppData\Local\Programs\Python\Python313\Lib\site-packages\django\utils\_os.py first seen with mtime 1743440449.002774
File C:\Users\User\AppData\Local\Programs\Python\Python313\Lib\site-packages\django\db\backends\base\validation.py first seen with mtime 1743440448.8872044
File C:\Users\User\AppData\Local\Programs\Python\Python313\Lib\site-packages\django\db\utils.py first seen with mtime 1743440448.8814545
File C:\Users\User\AppData\Local\Programs\Python\Python313\Lib\site-packages\django\views\debug.py first seen with mtime 1743440449.0333745
File C:\Users\User\AppData\Local\Programs\Python\Python313\Lib\site-packages\sqlparse\engine\__init__.py first seen with mtime 1743440446.2448235
File C:\Users\User\AppData\Local\Programs\Python\Python313\Lib\site-packages\django\core\management\base.py first seen with mtime 1743440448.861684
File C:\Users\User\AppData\Local\Programs\Python\Python313\Lib\site-packages\django\db\models\options.py first seen with mtime 1743440448.9187312
File C:\Users\User\AppData\Local\Programs\Python\Python313\Lib\site-packages\django\contrib\admin\widgets.py first seen with mtime 1743440447.2093794
File C:\Users\User\AppData\Local\Programs\Python\Python313\Lib\site-packages\django\__init__.py first seen with mtime 1743440446.9936962
File C:\Users\User\AppData\Local\Programs\Python\Python313\Lib\asyncio\log.py first seen with mtime 1738676256.0
File C:\Users\User\AppData\Local\Programs\Python\Python313\Lib\tokenize.py first seen with mtime 1738676256.0
File C:\Users\User\AppData\Local\Programs\Python\Python313\Lib\pprint.py first seen with mtime 1738676256.0
File C:\Users\User\AppData\Local\Programs\Python\Python313\Lib\site-packages\django\contrib\auth\signals.py first seen with mtime 1743440447.6794112
File C:\Users\User\AppData\Local\Programs\Python\Python313\Lib\site-packages\django\core\checks\model_checks.py first seen with mtime 1743440448.8439157
File C:\Users\User\AppData\Local\Programs\Python\Python313\Lib\encodings\__init__.py first seen with mtime 1738676256.0
File C:\Users\User\AppData\Local\Programs\Python\Python313\Lib\threading.py first seen with mtime 1738676256.0
File C:\Users\User\AppData\Local\Programs\Python\Python313\Lib\site-packages\django\db\models\sql\query.py first seen with mtime 1743440448.9367375
File C:\Users\User\AppData\Local\Programs\Python\Python313\Lib\_colorize.py first seen with mtime 1738676256.0
File C:\Users\User\AppData\Local\Programs\Python\Python313\Lib\calendar.py first seen with mtime 1738676256.0
File C:\Users\User\AppData\Local\Programs\Python\Python313\Lib\site-packages\django\utils\text.py first seen with mtime 1743440449.0263627
File C:\Users\User\AppData\Local\Programs\Python\Python313\Lib\site-packages\django\db\models\fields\related.py first seen with mtime 1743440448.9292011
File C:\Users\User\AppData\Local\Programs\Python\Python313\Lib\encodings\aliases.py first seen with mtime 1738676256.0
File C:\Users\User\AppData\Local\Programs\Python\Python313\Lib\site-packages\django\contrib\auth\decorators.py first seen with mtime 1743440447.6752112
File C:\Users\User\AppData\Local\Programs\Python\Python313\Lib\_weakrefset.py first seen with mtime 1738676256.0
File C:\Users\User\AppData\Local\Programs\Python\Python313\Lib\base64.py first seen with mtime 1738676256.0
File C:\Users\User\AppData\Local\Programs\Python\Python313\Lib\site-packages\django\core\checks\security\sessions.py first seen with mtime 1743440448.847921
File C:\Users\User\AppData\Local\Programs\Python\Python313\Lib\site-packages\django\utils\html.py first seen with mtime 1743440449.0159688
File C:\Users\User\AppData\Local\Programs\Python\Python313\Lib\site-packages\django\db\models\sql\subqueries.py first seen with mtime 1743440448.9367375
File C:\Users\User\AppData\Local\Programs\Python\Python313\Lib\site-packages\django\utils\__init__.py first seen with mtime 1743440449.002774
File C:\Users\User\AppData\Local\Programs\Python\Python313\Lib\site-packages\django\db\models\fields\related_lookups.py first seen with mtime 1743440448.9292011
File C:\Users\User\AppData\Local\Programs\Python\Python313\Lib\email\utils.py first seen with mtime 1738676256.0
File C:\Users\User\AppData\Local\Programs\Python\Python313\Lib\site-packages\django\db\migrations\operations\special.py first seen with mtime 1743440448.9149845
File C:\Users\User\AppData\Local\Programs\Python\Python313\Lib\site-packages\django\middleware\csrf.py first seen with mtime 1743440448.9819305
File C:\Users\User\AppData\Local\Programs\Python\Python313\Lib\site-packages\django\templatetags\l10n.py first seen with mtime 1743440448.9976647
File C:\Users\User\AppData\Local\Programs\Python\Python313\Lib\site-packages\django\db\backends\utils.py first seen with mtime 1743440448.8814545
File C:\Users\User\AppData\Local\Programs\Python\Python313\Lib\site-packages\django\contrib\auth\password_validation.py first seen with mtime 1743440447.6794112
File C:\Users\User\AppData\Local\Programs\Python\Python313\Lib\ast.py first seen with mtime 1738676256.0
File C:\Users\User\AppData\Local\Programs\Python\Python313\Lib\site-packages\django\dispatch\dispatcher.py first seen with mtime 1743440448.9384873
File C:\Users\User\AppData\Local\Programs\Python\Python313\Lib\http\client.py first seen with mtime 1738676256.0
File C:\Users\User\AppData\Local\Programs\Python\Python313\DLLs\_overlapped.pyd first seen with mtime 1738676306.0
File C:\Users\User\AppData\Local\Programs\Python\Python313\Lib\site-packages\django\db\migrations\state.py first seen with mtime 1743440448.912981
File C:\Users\User\AppData\Local\Programs\Python\Python313\Lib\statistics.py first seen with mtime 1738676256.0
File C:\Users\User\AppData\Local\Programs\Python\Python313\Lib\site-packages\sqlparse\tokens.py first seen with mtime 1743440446.2448235
File C:\Users\User\AppData\Local\Programs\Python\Python313\Lib\site-packages\django\core\checks\files.py first seen with mtime 1743440448.8419125
File C:\Users\User\AppData\Local\Programs\Python\Python313\Lib\http\server.py first seen with mtime 1738676256.0
File C:\Users\User\AppData\Local\Programs\Python\Python313\Lib\string.py first seen with mtime 1738676256.0
File C:\Users\User\AppData\Local\Programs\Python\Python313\Lib\site-packages\django\contrib\auth\middleware.py first seen with mtime 1743440447.6752112
File C:\Users\User\AppData\Local\Programs\Python\Python313\Lib\gettext.py first seen with mtime 1738676256.0
File C:\Users\User\AppData\Local\Programs\Python\Python313\Lib\site-packages\django\contrib\admin\views\__init__.py first seen with mtime 1743440447.521538
File C:\Users\User\AppData\Local\Programs\Python\Python313\Lib\site-packages\django\db\migrations\operations\models.py first seen with mtime 1743440448.9149845
File C:\Users\User\AppData\Local\Programs\Python\Python313\Lib\site-packages\django\templatetags\tz.py first seen with mtime 1743440448.9976647
File C:\Users\User\AppData\Local\Programs\Python\Python313\Lib\site-packages\django\conf\__init__.py first seen with mtime 1743440446.9936962
File C:\Users\User\AppData\Local\Programs\Python\Python313\Lib\site-packages\django\views\generic\dates.py first seen with mtime 1743440449.0391192
File C:\Users\User\AppData\Local\Programs\Python\Python313\Lib\site-packages\django\contrib\messages\utils.py first seen with mtime 1743440448.3334506
File C:\Users\User\AppData\Local\Programs\Python\Python313\Lib\ctypes\wintypes.py first seen with mtime 1738676256.0
File C:\Users\User\AppData\Local\Programs\Python\Python313\Lib\site-packages\django\contrib\contenttypes\management\__init__.py first seen with mtime 1743440447.9282339
File C:\Users\User\AppData\Local\Programs\Python\Python313\Lib\site-packages\django\urls\utils.py first seen with mtime 1743440449.002774
File C:\Users\User\AppData\Local\Programs\Python\Python313\Lib\site-packages\django\contrib\auth\views.py first seen with mtime 1743440447.6794112
File C:\Users\User\AppData\Local\Programs\Python\Python313\Lib\site-packages\django\db\models\__init__.py first seen with mtime 1743440448.9169874
File C:\Users\User\AppData\Local\Programs\Python\Python313\Lib\site-packages\django\db\models\deletion.py first seen with mtime 1743440448.9187312
File C:\Users\User\AppData\Local\Programs\Python\Python313\Lib\site-packages\django\forms\__init__.py first seen with mtime 1743440448.9404974
File C:\Users\User\AppData\Local\Programs\Python\Python313\DLLs\_bz2.pyd first seen with mtime 1738676306.0
File C:\Users\User\AppData\Local\Programs\Python\Python313\Lib\site-packages\django\db\models\utils.py first seen with mtime 1743440448.9187312
File C:\Users\User\AppData\Local\Programs\Python\Python313\Lib\site-packages\django\contrib\auth\models.py first seen with mtime 1743440447.6794112
File C:\Users\User\AppData\Local\Programs\Python\Python313\Lib\pickle.py first seen with mtime 1738676256.0
File C:\Users\User\AppData\Local\Programs\Python\Python313\Lib\site-packages\django\db\models\functions\math.py first seen with mtime 1743440448.9332192
File C:\Users\User\AppData\Local\Programs\Python\Python313\Lib\site-packages\django\db\models\constants.py first seen with mtime 1743440448.9187312
File C:\Users\User\AppData\Local\Programs\Python\Python313\Lib\bz2.py first seen with mtime 1738676256.0
File C:\Users\User\AppData\Local\Programs\Python\Python313\Lib\site-packages\django\contrib\messages\storage\base.py first seen with mtime 1743440448.3334506
File C:\Users\User\AppData\Local\Programs\Python\Python313\Lib\site-packages\django\contrib\admin\actions.py first seen with mtime 1743440447.1993103
File C:\Users\User\AppData\Local\Programs\Python\Python313\Lib\secrets.py first seen with mtime 1738676256.0
File C:\Users\User\AppData\Local\Programs\Python\Python313\Lib\site-packages\django\utils\hashable.py first seen with mtime 1743440449.0159688
File C:\Users\User\AppData\Local\Programs\Python\Python313\Lib\pathlib\_abc.py first seen with mtime 1738676256.0
File C:\Users\User\AppData\Local\Programs\Python\Python313\Lib\site-packages\sqlparse\engine\grouping.py first seen with mtime 1743440446.2448235
File C:\Users\User\AppData\Local\Programs\Python\Python313\Lib\site-packages\sqlparse\filters\__init__.py first seen with mtime 1743440446.2448235
File C:\Users\User\AppData\Local\Programs\Python\Python313\Lib\copy.py first seen with mtime 1738676256.0
File C:\Users\User\AppData\Local\Programs\Python\Python313\Lib\site-packages\django\views\generic\edit.py first seen with mtime 1743440449.0391192
File C:\Users\User\AppData\Local\Programs\Python\Python313\Lib\site-packages\django\views\generic\detail.py first seen with mtime 1743440449.0391192
File C:\Users\User\AppData\Local\Programs\Python\Python313\Lib\urllib\__init__.py first seen with mtime 1738676256.0
File C:\Users\User\AppData\Local\Programs\Python\Python313\Lib\site-packages\django\contrib\contenttypes\__init__.py first seen with mtime 1743440447.8111339
File C:\Users\User\AppData\Local\Programs\Python\Python313\Lib\site-packages\django\views\decorators\http.py first seen with mtime 1743440449.0371156
File C:\Users\User\AppData\Local\Programs\Python\Python313\Lib\site-packages\django\contrib\admin\templatetags\admin_modify.py first seen with mtime 1743440447.5195336
File C:\Users\User\AppData\Local\Programs\Python\Python313\Lib\site-packages\django\utils\termcolors.py first seen with mtime 1743440449.0263627
File C:\Users\User\AppData\Local\Programs\Python\Python313\Lib\asyncio\queues.py first seen with mtime 1738676256.0
File C:\Users\User\AppData\Local\Programs\Python\Python313\Lib\email\_parseaddr.py first seen with mtime 1738676256.0
File C:\Users\User\AppData\Local\Programs\Python\Python313\Lib\site-packages\django\template\loader_tags.py first seen with mtime 1743440448.9819305
File C:\Users\User\AppData\Local\Programs\Python\Python313\Lib\email\_policybase.py first seen with mtime 1738676256.0
File C:\Users\User\AppData\Local\Programs\Python\Python313\Lib\site-packages\sqlparse\utils.py first seen with mtime 1743440446.2448235
File C:\Users\User\Downloads\bannedgram-alex (1)\bannedgram-alex\banned_gram\manage.py first seen with mtime 1744670907.914473
File C:\Users\User\AppData\Local\Programs\Python\Python313\Lib\ipaddress.py first seen with mtime 1738676256.0
File C:\Users\User\AppData\Local\Programs\Python\Python313\Lib\queue.py first seen with mtime 1738676256.0
File C:\Users\User\AppData\Local\Programs\Python\Python313\Lib\site-packages\django\utils\functional.py first seen with mtime 1743440449.0159688
File C:\Users\User\AppData\Local\Programs\Python\Python313\Lib\site-packages\django\db\models\functions\window.py first seen with mtime 1743440448.9332192
File C:\Users\User\AppData\Local\Programs\Python\Python313\Lib\sysconfig\__init__.py first seen with mtime 1738676256.0
File C:\Users\User\AppData\Local\Programs\Python\Python313\Lib\wsgiref\__init__.py first seen with mtime 1738676256.0
File C:\Users\User\AppData\Local\Programs\Python\Python313\Lib\site-packages\django\contrib\contenttypes\models.py first seen with mtime 1743440447.8111339
File C:\Users\User\AppData\Local\Programs\Python\Python313\Lib\site-packages\django\core\checks\async_checks.py first seen with mtime 1743440448.8399093
File C:\Users\User\AppData\Local\Programs\Python\Python313\Lib\site-packages\django\contrib\contenttypes\admin.py first seen with mtime 1743440447.8111339
File C:\Users\User\AppData\Local\Programs\Python\Python313\Lib\site-packages\django\db\models\lookups.py first seen with mtime 1743440448.9187312
File C:\Users\User\AppData\Local\Programs\Python\Python313\Lib\site-packages\django\contrib\auth\backends.py first seen with mtime 1743440447.6679766
File C:\Users\User\AppData\Local\Programs\Python\Python313\Lib\email\mime\nonmultipart.py first seen with mtime 1738676256.0
File C:\Users\User\AppData\Local\Programs\Python\Python313\Lib\site-packages\django\db\__init__.py first seen with mtime 1743440448.8794518
File C:\Users\User\AppData\Local\Programs\Python\Python313\Lib\wsgiref\simple_server.py first seen with mtime 1738676256.0
File C:\Users\User\AppData\Local\Programs\Python\Python313\DLLs\_lzma.pyd first seen with mtime 1738676306.0
File C:\Users\User\AppData\Local\Programs\Python\Python313\Lib\asyncio\base_futures.py first seen with mtime 1738676256.0
File C:\Users\User\AppData\Local\Programs\Python\Python313\Lib\site-packages\django\conf\locale\__init__.py first seen with mtime 1743440446.9936962
File C:\Users\User\AppData\Local\Programs\Python\Python313\Lib\site-packages\django\contrib\staticfiles\apps.py first seen with mtime 1743440448.8238802
File C:\Users\User\AppData\Local\Programs\Python\Python313\Lib\site-packages\django\contrib\messages\api.py first seen with mtime 1743440448.3334506
File C:\Users\User\AppData\Local\Programs\Python\Python313\Lib\textwrap.py first seen with mtime 1738676256.0
File C:\Users\User\AppData\Local\Programs\Python\Python313\Lib\site-packages\django\utils\inspect.py first seen with mtime 1743440449.0159688
File C:\Users\User\AppData\Local\Programs\Python\Python313\Lib\site-packages\django\contrib\staticfiles\management\commands\runserver.py first seen with mtime 1743440448.8308935
File C:\Users\User\AppData\Local\Programs\Python\Python313\Lib\site-packages\django\views\generic\__init__.py first seen with mtime 1743440449.0391192
File C:\Users\User\AppData\Local\Programs\Python\Python313\DLLs\select.pyd first seen with mtime 1738676306.0
File C:\Users\User\AppData\Local\Programs\Python\Python313\Lib\http\cookies.py first seen with mtime 1738676256.0
File C:\Users\User\AppData\Local\Programs\Python\Python313\Lib\re\__init__.py first seen with mtime 1738676256.0
File C:\Users\User\AppData\Local\Programs\Python\Python313\Lib\site-packages\django\core\wsgi.py first seen with mtime 1743440448.8348997
File C:\Users\User\AppData\Local\Programs\Python\Python313\Lib\site-packages\django\http\response.py first seen with mtime 1743440448.9819305
File C:\Users\User\AppData\Local\Programs\Python\Python313\Lib\getpass.py first seen with mtime 1738676256.0
File C:\Users\User\AppData\Local\Programs\Python\Python313\Lib\shutil.py first seen with mtime 1738676256.0
File C:\Users\User\AppData\Local\Programs\Python\Python313\Lib\site-packages\django\contrib\auth\urls.py first seen with mtime 1743440447.6794112
File C:\Users\User\AppData\Local\Programs\Python\Python313\Lib\site-packages\django\utils\tree.py first seen with mtime 1743440449.0283654
File C:\Users\User\AppData\Local\Programs\Python\Python313\Lib\site-packages\django\urls\__init__.py first seen with mtime 1743440449.002774
File C:\Users\User\AppData\Local\Programs\Python\Python313\Lib\site-packages\django\db\models\fields\generated.py first seen with mtime 1743440448.926181
File C:\Users\User\AppData\Local\Programs\Python\Python313\Lib\site-packages\django\contrib\messages\storage\__init__.py first seen with mtime 1743440448.3334506
File C:\Users\User\AppData\Local\Programs\Python\Python313\Lib\email\message.py first seen with mtime 1738676256.0
File C:\Users\User\AppData\Local\Programs\Python\Python313\Lib\site-packages\django\db\migrations\__init__.py first seen with mtime 1743440448.9069734
File C:\Users\User\AppData\Local\Programs\Python\Python313\Lib\signal.py first seen with mtime 1738676256.0
File C:\Users\User\AppData\Local\Programs\Python\Python313\Lib\sqlite3\dbapi2.py first seen with mtime 1738676256.0
File C:\Users\User\AppData\Local\Programs\Python\Python313\Lib\site-packages\asgiref\sync.py first seen with mtime 1743440446.7881093
File C:\Users\User\AppData\Local\Programs\Python\Python313\Lib\site-packages\django\contrib\contenttypes\fields.py first seen with mtime 1743440447.8111339
File C:\Users\User\AppData\Local\Programs\Python\Python313\Lib\uuid.py first seen with mtime 1738676256.0
File C:\Users\User\AppData\Local\Programs\Python\Python313\Lib\asyncio\tasks.py first seen with mtime 1738676256.0
File C:\Users\User\AppData\Local\Programs\Python\Python313\Lib\site-packages\django\core\files\storage\mixins.py first seen with mtime 1743440448.8539298
File C:\Users\User\AppData\Local\Programs\Python\Python313\Lib\site-packages\django\utils\timesince.py first seen with mtime 1743440449.0263627
File C:\Users\User\AppData\Local\Programs\Python\Python313\Lib\site-packages\django\forms\renderers.py first seen with mtime 1743440448.9425058
File C:\Users\User\AppData\Local\Programs\Python\Python313\Lib\site-packages\sqlparse\filters\tokens.py first seen with mtime 1743440446.2448235
File C:\Users\User\AppData\Local\Programs\Python\Python313\Lib\site-packages\django\core\management\color.py first seen with mtime 1743440448.861684
File C:\Users\User\AppData\Local\Programs\Python\Python313\Lib\site-packages\django\core\files\__init__.py first seen with mtime 1743440448.847921
File C:\Users\User\AppData\Local\Programs\Python\Python313\Lib\site-packages\django\core\mail\__init__.py first seen with mtime 1743440448.855675
File C:\Users\User\AppData\Local\Programs\Python\Python313\Lib\site-packages\django\db\models\functions\text.py first seen with mtime 1743440448.9332192
File C:\Users\User\AppData\Local\Programs\Python\Python313\Lib\concurrent\futures\_base.py first seen with mtime 1738676256.0
File C:\Users\User\AppData\Local\Programs\Python\Python313\Lib\site-packages\django\db\models\fields\files.py first seen with mtime 1743440448.926181
File C:\Users\User\AppData\Local\Programs\Python\Python313\Lib\site-packages\django\template\context.py first seen with mtime 1743440448.9819305
File C:\Users\User\AppData\Local\Programs\Python\Python313\Lib\site-packages\sqlparse\lexer.py first seen with mtime 1743440446.2448235
File C:\Users\User\AppData\Local\Programs\Python\Python313\Lib\site-packages\django\core\serializers\base.py first seen with mtime 1743440448.8754468
File C:\Users\User\AppData\Local\Programs\Python\Python313\Lib\site-packages\asgiref\current_thread_executor.py first seen with mtime 1743440446.7861059
File C:\Users\User\AppData\Local\Programs\Python\Python313\Lib\site-packages\django\core\checks\registry.py first seen with mtime 1743440448.8439157
File C:\Users\User\AppData\Local\Programs\Python\Python313\Lib\site-packages\django\contrib\staticfiles\management\__init__.py first seen with mtime 1743440448.8288906
File C:\Users\User\AppData\Local\Programs\Python\Python313\Lib\gzip.py first seen with mtime 1738676256.0
File C:\Users\User\AppData\Local\Programs\Python\Python313\Lib\site-packages\django\db\migrations\operations\base.py first seen with mtime 1743440448.9149845
File C:\Users\User\AppData\Local\Programs\Python\Python313\Lib\email\quoprimime.py first seen with mtime 1738676256.0
File C:\Users\User\AppData\Local\Programs\Python\Python313\Lib\site-packages\django\contrib\admin\templatetags\admin_list.py first seen with mtime 1743440447.5195336
File C:\Users\User\AppData\Local\Programs\Python\Python313\Lib\asyncio\sslproto.py first seen with mtime 1738676256.0
File C:\Users\User\AppData\Local\Programs\Python\Python313\Lib\_compat_pickle.py first seen with mtime 1738676256.0
File C:\Users\User\AppData\Local\Programs\Python\Python313\Lib\email\iterators.py first seen with mtime 1738676256.0
File C:\Users\User\AppData\Local\Programs\Python\Python313\Lib\argparse.py first seen with mtime 1738676256.0
File C:\Users\User\AppData\Local\Programs\Python\Python313\Lib\email\charset.py first seen with mtime 1738676256.0
File C:\Users\User\AppData\Local\Programs\Python\Python313\Lib\site-packages\django\utils\decorators.py first seen with mtime 1743440449.0159688
File C:\Users\User\AppData\Local\Programs\Python\Python313\DLLs\_decimal.pyd first seen with mtime 1738676306.0
File C:\Users\User\AppData\Local\Programs\Python\Python313\Lib\typing.py first seen with mtime 1738676256.0
File C:\Users\User\AppData\Local\Programs\Python\Python313\Lib\site-packages\django\conf\urls\__init__.py first seen with mtime 1743440447.1993103
File C:\Users\User\AppData\Local\Programs\Python\Python313\Lib\site-packages\django\utils\lorem_ipsum.py first seen with mtime 1743440449.0243595
File C:\Users\User\AppData\Local\Programs\Python\Python313\Lib\site-packages\django\db\backends\signals.py first seen with mtime 1743440448.8814545
File C:\Users\User\AppData\Local\Programs\Python\Python313\Lib\difflib.py first seen with mtime 1738676256.0
File C:\Users\User\AppData\Local\Programs\Python\Python313\Lib\site-packages\django\contrib\__init__.py first seen with mtime 1743440447.1993103
File C:\Users\User\AppData\Local\Programs\Python\Python313\Lib\site-packages\django\contrib\auth\validators.py first seen with mtime 1743440447.6794112
File C:\Users\User\AppData\Local\Programs\Python\Python313\Lib\site-packages\django\core\handlers\wsgi.py first seen with mtime 1743440448.855675
File C:\Users\User\AppData\Local\Programs\Python\Python313\Lib\selectors.py first seen with mtime 1738676256.0
File C:\Users\User\AppData\Local\Programs\Python\Python313\Lib\site-packages\django\db\models\fields\related_descriptors.py first seen with mtime 1743440448.9292011
File C:\Users\User\AppData\Local\Programs\Python\Python313\Lib\site-packages\django\db\backends\base\__init__.py first seen with mtime 1743440448.8834572
File C:\Users\User\AppData\Local\Programs\Python\Python313\Lib\site-packages\django\db\models\functions\mixins.py first seen with mtime 1743440448.9332192
File C:\Users\User\AppData\Local\Programs\Python\Python313\Lib\site-packages\django\utils\dates.py first seen with mtime 1743440449.0159688
File C:\Users\User\AppData\Local\Programs\Python\Python313\Lib\multiprocessing\reduction.py first seen with mtime 1738676256.0
File C:\Users\User\AppData\Local\Programs\Python\Python313\Lib\contextlib.py first seen with mtime 1738676256.0
File C:\Users\User\AppData\Local\Programs\Python\Python313\Lib\site-packages\django\templatetags\cache.py first seen with mtime 1743440448.9976647
File C:\Users\User\AppData\Local\Programs\Python\Python313\Lib\site-packages\django\core\files\storage\__init__.py first seen with mtime 1743440448.8519268
File C:\Users\User\AppData\Local\Programs\Python\Python313\Lib\site-packages\django\http\multipartparser.py first seen with mtime 1743440448.9819305
File C:\Users\User\AppData\Local\Programs\Python\Python313\Lib\site-packages\django\contrib\sites\requests.py first seen with mtime 1743440448.6971455
File C:\Users\User\AppData\Local\Programs\Python\Python313\Lib\ssl.py first seen with mtime 1738676256.0
File C:\Users\User\AppData\Local\Programs\Python\Python313\Lib\_markupbase.py first seen with mtime 1738676256.0
File C:\Users\User\AppData\Local\Programs\Python\Python313\Lib\site-packages\django\core\checks\compatibility\django_4_0.py first seen with mtime 1743440448.8459184
File C:\Users\User\AppData\Local\Programs\Python\Python313\Lib\email\mime\__init__.py first seen with mtime 1738676256.0
File C:\Users\User\AppData\Local\Programs\Python\Python313\Lib\site-packages\django\utils\deprecation.py first seen with mtime 1743440449.0159688
File C:\Users\User\AppData\Local\Programs\Python\Python313\Lib\fnmatch.py first seen with mtime 1738676256.0
File C:\Users\User\AppData\Local\Programs\Python\Python313\Lib\site-packages\django\utils\asyncio.py first seen with mtime 1743440449.002774
File C:\Users\User\AppData\Local\Programs\Python\Python313\Lib\copyreg.py first seen with mtime 1738676256.0
File C:\Users\User\AppData\Local\Programs\Python\Python313\Lib\multiprocessing\__init__.py first seen with mtime 1738676256.0
File C:\Users\User\AppData\Local\Programs\Python\Python313\Lib\site-packages\django\contrib\messages\__init__.py first seen with mtime 1743440448.3334506
File C:\Users\User\AppData\Local\Programs\Python\Python313\Lib\concurrent\__init__.py first seen with mtime 1738676256.0
File C:\Users\User\AppData\Local\Programs\Python\Python313\Lib\site-packages\django\forms\fields.py first seen with mtime 1743440448.9404974
File C:\Users\User\AppData\Local\Programs\Python\Python313\Lib\site-packages\django\utils\encoding.py first seen with mtime 1743440449.0159688
File C:\Users\User\AppData\Local\Programs\Python\Python313\Lib\tempfile.py first seen with mtime 1738676256.0
File C:\Users\User\Downloads\bannedgram-alex (1)\bannedgram-alex\banned_gram\core\urls.py first seen with mtime 1744670908.0936308
File C:\Users\User\AppData\Local\Programs\Python\Python313\Lib\site-packages\django\db\backends\sqlite3\features.py first seen with mtime 1743440448.9049704
File C:\Users\User\AppData\Local\Programs\Python\Python313\Lib\asyncio\selector_events.py first seen with mtime 1738676256.0
File C:\Users\User\AppData\Local\Programs\Python\Python313\Lib\site-packages\django\core\files\storage\base.py first seen with mtime 1743440448.8519268
File C:\Users\User\AppData\Local\Programs\Python\Python313\Lib\asyncio\base_tasks.py first seen with mtime 1738676256.0
File C:\Users\User\AppData\Local\Programs\Python\Python313\Lib\site-packages\django\views\__init__.py first seen with mtime 1743440449.0313716
File C:\Users\User\AppData\Local\Programs\Python\Python313\Lib\site-packages\django\contrib\admin\decorators.py first seen with mtime 1743440447.2093794
File C:\Users\User\AppData\Local\Programs\Python\Python313\Lib\site-packages\django\contrib\admin\views\autocomplete.py first seen with mtime 1743440447.521538
File C:\Users\User\Downloads\bannedgram-alex (1)\bannedgram-alex\banned_gram\core\apps.py first seen with mtime 1744670908.0229876
File C:\Users\User\AppData\Local\Programs\Python\Python313\Lib\site-packages\django\views\static.py first seen with mtime 1743440449.0333745
File C:\Users\User\AppData\Local\Programs\Python\Python313\Lib\asyncio\mixins.py first seen with mtime 1738676256.0
File C:\Users\User\AppData\Local\Programs\Python\Python313\Lib\site-packages\django\core\checks\urls.py first seen with mtime 1743440448.8439157
File C:\Users\User\AppData\Local\Programs\Python\Python313\Lib\wsgiref\headers.py first seen with mtime 1738676256.0
File C:\Users\User\AppData\Local\Programs\Python\Python313\Lib\site-packages\django\http\cookie.py first seen with mtime 1743440448.9819305
File C:\Users\User\AppData\Local\Programs\Python\Python313\Lib\site-packages\django\db\backends\base\client.py first seen with mtime 1743440448.8834572
File C:\Users\User\AppData\Local\Programs\Python\Python313\Lib\site-packages\django\core\mail\message.py first seen with mtime 1743440448.8576782
File C:\Users\User\AppData\Local\Programs\Python\Python313\Lib\email\base64mime.py first seen with mtime 1738676256.0
File C:\Users\User\AppData\Local\Programs\Python\Python313\Lib\site-packages\sqlparse\filters\reindent.py first seen with mtime 1743440446.2448235
File C:\Users\User\AppData\Local\Programs\Python\Python313\Lib\zoneinfo\_tzpath.py first seen with mtime 1738676256.0
File C:\Users\User\AppData\Local\Programs\Python\Python313\Lib\ctypes\_endian.py first seen with mtime 1738676256.0
File C:\Users\User\AppData\Local\Programs\Python\Python313\Lib\site-packages\django\core\files\uploadedfile.py first seen with mtime 1743440448.8499236
File C:\Users\User\AppData\Local\Programs\Python\Python313\Lib\site-packages\django\contrib\admin\models.py first seen with mtime 1743440447.2093794
File C:\Users\User\AppData\Local\Programs\Python\Python313\Lib\asyncio\exceptions.py first seen with mtime 1738676256.0
File C:\Users\User\AppData\Local\Programs\Python\Python313\Lib\_opcode_metadata.py first seen with mtime 1738676256.0
File C:\Users\User\AppData\Local\Programs\Python\Python313\Lib\site-packages\django\contrib\admin\filters.py first seen with mtime 1743440447.2093794
File C:\Users\User\AppData\Local\Programs\Python\Python313\Lib\site-packages\django\views\generic\list.py first seen with mtime 1743440449.0411227
File C:\Users\User\AppData\Local\Programs\Python\Python313\Lib\site-packages\django\contrib\admin\apps.py first seen with mtime 1743440447.2093794
File C:\Users\User\AppData\Local\Programs\Python\Python313\Lib\email\mime\message.py first seen with mtime 1738676256.0
File C:\Users\User\AppData\Local\Programs\Python\Python313\Lib\nturl2path.py first seen with mtime 1738676256.0
File C:\Users\User\AppData\Local\Programs\Python\Python313\Lib\site-packages\django\template\exceptions.py first seen with mtime 1743440448.9819305
File C:\Users\User\AppData\Local\Programs\Python\Python313\Lib\site-packages\sqlparse\engine\statement_splitter.py first seen with mtime 1743440446.2448235
File C:\Users\User\AppData\Local\Programs\Python\Python313\Lib\site-packages\django\db\migrations\operations\__init__.py first seen with mtime 1743440448.9149845
File C:\Users\User\AppData\Local\Programs\Python\Python313\Lib\site-packages\django\core\cache\backends\__init__.py first seen with mtime 1743440448.8369029
File C:\Users\User\AppData\Local\Programs\Python\Python313\Lib\site-packages\django\contrib\admin\exceptions.py first seen with mtime 1743440447.2093794
File C:\Users\User\AppData\Local\Programs\Python\Python313\Lib\site-packages\django\core\serializers\json.py first seen with mtime 1743440448.8754468
File C:\Users\User\AppData\Local\Programs\Python\Python313\Lib\logging\handlers.py first seen with mtime 1738676256.0
File C:\Users\User\AppData\Local\Programs\Python\Python313\Lib\concurrent\futures\thread.py first seen with mtime 1738676256.0
File C:\Users\User\Downloads\bannedgram-alex (1)\bannedgram-alex\banned_gram\core\__init__.py first seen with mtime 1744670907.9969828
File C:\Users\User\AppData\Local\Programs\Python\Python313\DLLs\_uuid.pyd first seen with mtime 1738676306.0
File C:\Users\User\AppData\Local\Programs\Python\Python313\Lib\site-packages\django\conf\urls\static.py first seen with mtime 1743440447.1993103
File C:\Users\User\AppData\Local\Programs\Python\Python313\Lib\site-packages\django\db\models\fields\mixins.py first seen with mtime 1743440448.928191
File C:\Users\User\AppData\Local\Programs\Python\Python313\Lib\site-packages\django\db\models\query.py first seen with mtime 1743440448.9187312
File C:\Users\User\AppData\Local\Programs\Python\Python313\Lib\site-packages\django\contrib\admin\utils.py first seen with mtime 1743440447.2093794
File C:\Users\User\Downloads\bannedgram-alex (1)\bannedgram-alex\banned_gram\core\models.py first seen with mtime 1744670908.066122
File C:\Users\User\AppData\Local\Programs\Python\Python313\Lib\site-packages\django\template\loaders\filesystem.py first seen with mtime 1743440448.9976647
File C:\Users\User\AppData\Local\Programs\Python\Python313\Lib\http\__init__.py first seen with mtime 1738676256.0
File C:\Users\User\AppData\Local\Programs\Python\Python313\Lib\site-packages\django\db\models\constraints.py first seen with mtime 1743440448.9187312
File C:\Users\User\AppData\Local\Programs\Python\Python313\Lib\site-packages\django\template\base.py first seen with mtime 1743440448.9819305
File C:\Users\User\AppData\Local\Programs\Python\Python313\Lib\site-packages\django\core\cache\backends\base.py first seen with mtime 1743440448.8369029
File C:\Users\User\AppData\Local\Programs\Python\Python313\Lib\site-packages\django\db\models\sql\where.py first seen with mtime 1743440448.9384873
File C:\Users\User\AppData\Local\Programs\Python\Python313\Lib\email\feedparser.py first seen with mtime 1738676256.0
File C:\Users\User\AppData\Local\Programs\Python\Python313\Lib\opcode.py first seen with mtime 1738676256.0
File C:\Users\User\AppData\Local\Programs\Python\Python313\Lib\site-packages\django\db\backends\base\operations.py first seen with mtime 1743440448.8854606
File C:\Users\User\AppData\Local\Programs\Python\Python313\Lib\asyncio\proactor_events.py first seen with mtime 1738676256.0
File C:\Users\User\AppData\Local\Programs\Python\Python313\Lib\logging\__init__.py first seen with mtime 1738676256.0
File C:\Users\User\AppData\Local\Programs\Python\Python313\Lib\mimetypes.py first seen with mtime 1738676256.0
File C:\Users\User\AppData\Local\Programs\Python\Python313\Lib\site-packages\django\db\models\fields\reverse_related.py first seen with mtime 1743440448.93121
File C:\Users\User\AppData\Local\Programs\Python\Python313\Lib\asyncio\base_events.py first seen with mtime 1738676256.0
File C:\Users\User\AppData\Local\Programs\Python\Python313\Lib\site-packages\django\db\backends\base\introspection.py first seen with mtime 1743440448.8854606
File C:\Users\User\AppData\Local\Programs\Python\Python313\Lib\site-packages\django\contrib\contenttypes\views.py first seen with mtime 1743440447.8111339
File C:\Users\User\AppData\Local\Programs\Python\Python313\Lib\locale.py first seen with mtime 1738676256.0
File C:\Users\User\AppData\Local\Programs\Python\Python313\Lib\site-packages\django\urls\resolvers.py first seen with mtime 1743440449.002774
File C:\Users\User\AppData\Local\Programs\Python\Python313\Lib\site-packages\sqlparse\filters\others.py first seen with mtime 1743440446.2448235
File C:\Users\User\AppData\Local\Programs\Python\Python313\Lib\site-packages\django\http\request.py first seen with mtime 1743440448.9819305
File C:\Users\User\AppData\Local\Programs\Python\Python313\Lib\random.py first seen with mtime 1738676256.0
File C:\Users\User\AppData\Local\Programs\Python\Python313\Lib\site-packages\django\core\handlers\base.py first seen with mtime 1743440448.855675
File C:\Users\User\AppData\Local\Programs\Python\Python313\Lib\site-packages\django\db\models\sql\constants.py first seen with mtime 1743440448.934728
File C:\Users\User\AppData\Local\Programs\Python\Python313\Lib\site-packages\django\contrib\messages\constants.py first seen with mtime 1743440448.3334506
File C:\Users\User\AppData\Local\Programs\Python\Python313\Lib\site-packages\django\contrib\contenttypes\apps.py first seen with mtime 1743440447.8111339
File C:\Users\User\AppData\Local\Programs\Python\Python313\Lib\wsgiref\util.py first seen with mtime 1738676256.0
File C:\Users\User\AppData\Local\Programs\Python\Python313\Lib\site-packages\django\templatetags\__init__.py first seen with mtime 1743440448.9976647
File C:\Users\User\AppData\Local\Programs\Python\Python313\Lib\site-packages\django\forms\models.py first seen with mtime 1743440448.9425058
File C:\Users\User\AppData\Local\Programs\Python\Python313\DLLs\_hashlib.pyd first seen with mtime 1738676306.0
File C:\Users\User\AppData\Local\Programs\Python\Python313\Lib\site-packages\django\contrib\contenttypes\forms.py first seen with mtime 1743440447.8111339
File C:\Users\User\AppData\Local\Programs\Python\Python313\Lib\asyncio\staggered.py first seen with mtime 1738676256.0
File C:\Users\User\Downloads\bannedgram-alex (1)\bannedgram-alex\banned_gram\core\admin.py first seen with mtime 1744670908.0099869
File C:\Users\User\AppData\Local\Programs\Python\Python313\Lib\site-packages\django\utils\translation\reloader.py first seen with mtime 1743440449.0293684
File C:\Users\User\AppData\Local\Programs\Python\Python313\Lib\site-packages\asgiref\local.py first seen with mtime 1743440446.7861059
File C:\Users\User\AppData\Local\Programs\Python\Python313\Lib\site-packages\django\db\backends\sqlite3\schema.py first seen with mtime 1743440448.9069734
File C:\Users\User\AppData\Local\Programs\Python\Python313\Lib\site-packages\django\db\backends\ddl_references.py first seen with mtime 1743440448.8814545
File C:\Users\User\AppData\Local\Programs\Python\Python313\Lib\site-packages\django\db\migrations\migration.py first seen with mtime 1743440448.9109786
File C:\Users\User\AppData\Local\Programs\Python\Python313\Lib\site-packages\django\views\decorators\csrf.py first seen with mtime 1743440449.0333745
File C:\Users\User\AppData\Local\Programs\Python\Python313\Lib\site-packages\django\utils\dateparse.py first seen with mtime 1743440449.0159688
File C:\Users\User\AppData\Local\Programs\Python\Python313\Lib\site-packages\django\contrib\sites\__init__.py first seen with mtime 1743440448.6971455
File C:\Users\User\AppData\Local\Programs\Python\Python313\Lib\sqlite3\__init__.py first seen with mtime 1738676256.0
File C:\Users\User\AppData\Local\Programs\Python\Python313\Lib\site-packages\django\core\cache\__init__.py first seen with mtime 1743440448.8348997
File C:\Users\User\AppData\Local\Programs\Python\Python313\Lib\site-packages\django\templatetags\i18n.py first seen with mtime 1743440448.9976647
File C:\Users\User\AppData\Local\Programs\Python\Python313\Lib\site-packages\django\utils\http.py first seen with mtime 1743440449.0159688
File C:\Users\User\AppData\Local\Programs\Python\Python313\Lib\quopri.py first seen with mtime 1738676256.0
File C:\Users\User\AppData\Local\Programs\Python\Python313\Lib\socketserver.py first seen with mtime 1738676256.0
File C:\Users\User\AppData\Local\Programs\Python\Python313\Lib\token.py first seen with mtime 1738676256.0
File C:\Users\User\AppData\Local\Programs\Python\Python313\Lib\wsgiref\handlers.py first seen with mtime 1738676256.0
File C:\Users\User\AppData\Local\Programs\Python\Python313\Lib\site-packages\django\template\response.py first seen with mtime 1743440448.9819305
File C:\Users\User\AppData\Local\Programs\Python\Python313\Lib\hashlib.py first seen with mtime 1738676256.0
File C:\Users\User\AppData\Local\Programs\Python\Python313\Lib\site-packages\django\db\backends\base\base.py first seen with mtime 1743440448.8834572
File C:\Users\User\AppData\Local\Programs\Python\Python313\Lib\site-packages\django\contrib\auth\management\__init__.py first seen with mtime 1743440447.795075
File C:\Users\User\AppData\Local\Programs\Python\Python313\Lib\site-packages\django\core\handlers\asgi.py first seen with mtime 1743440448.8539298
File C:\Users\User\AppData\Local\Programs\Python\Python313\Lib\site-packages\django\views\csrf.py first seen with mtime 1743440449.0313716
File C:\Users\User\AppData\Local\Programs\Python\Python313\Lib\site-packages\django\utils\duration.py first seen with mtime 1743440449.0159688
File C:\Users\User\AppData\Local\Programs\Python\Python313\Lib\site-packages\django\db\backends\sqlite3\_functions.py first seen with mtime 1743440448.9029677
File C:\Users\User\AppData\Local\Programs\Python\Python313\Lib\site-packages\django\apps\__init__.py first seen with mtime 1743440446.9936962
File C:\Users\User\AppData\Local\Programs\Python\Python313\Lib\site-packages\django\utils\cache.py first seen with mtime 1743440449.002774
File C:\Users\User\AppData\Local\Programs\Python\Python313\Lib\site-packages\django\core\files\storage\filesystem.py first seen with mtime 1743440448.8519268
File C:\Users\User\AppData\Local\Programs\Python\Python313\Lib\zoneinfo\_common.py first seen with mtime 1738676256.0
File C:\Users\User\AppData\Local\Programs\Python\Python313\Lib\site-packages\django\core\management\commands\runserver.py first seen with mtime 1743440448.8694377
File C:\Users\User\AppData\Local\Programs\Python\Python313\Lib\site-packages\django\template\defaulttags.py first seen with mtime 1743440448.9819305
File C:\Users\User\AppData\Local\Programs\Python\Python313\Lib\site-packages\django\contrib\auth\hashers.py first seen with mtime 1743440447.6752112
File C:\Users\User\AppData\Local\Programs\Python\Python313\Lib\site-packages\django\middleware\cache.py first seen with mtime 1743440448.9819305
File C:\Users\User\AppData\Local\Programs\Python\Python313\Lib\subprocess.py first seen with mtime 1738676256.0
File C:\Users\User\AppData\Local\Programs\Python\Python313\Lib\dis.py first seen with mtime 1738676256.0
File C:\Users\User\AppData\Local\Programs\Python\Python313\Lib\site-packages\django\contrib\sessions\middleware.py first seen with mtime 1743440448.555061
File C:\Users\User\AppData\Local\Programs\Python\Python313\Lib\site-packages\django\contrib\admin\options.py first seen with mtime 1743440447.2093794
File C:\Users\User\AppData\Local\Programs\Python\Python313\Lib\email\mime\text.py first seen with mtime 1738676256.0
File C:\Users\User\AppData\Local\Programs\Python\Python313\Lib\site-packages\sqlparse\filters\right_margin.py first seen with mtime 1743440446.2448235
File C:\Users\User\AppData\Local\Programs\Python\Python313\Lib\site-packages\django\shortcuts.py first seen with mtime 1743440446.9936962
File C:\Users\User\AppData\Local\Programs\Python\Python313\DLLs\_ctypes.pyd first seen with mtime 1738676306.0
File C:\Users\User\AppData\Local\Programs\Python\Python313\Lib\site-packages\django\urls\exceptions.py first seen with mtime 1743440449.002774
File C:\Users\User\AppData\Local\Programs\Python\Python313\Lib\site-packages\sqlparse\keywords.py first seen with mtime 1743440446.2448235
File C:\Users\User\AppData\Local\Programs\Python\Python313\Lib\site-packages\django\db\models\fields\__init__.py first seen with mtime 1743440448.926181
File C:\Users\User\AppData\Local\Programs\Python\Python313\Lib\socket.py first seen with mtime 1738676256.0
File C:\Users\User\AppData\Local\Programs\Python\Python313\Lib\dataclasses.py first seen with mtime 1738676256.0
File C:\Users\User\AppData\Local\Programs\Python\Python313\Lib\site-packages\django\utils\version.py first seen with mtime 1743440449.0283654
File C:\Users\User\AppData\Local\Programs\Python\Python313\Lib\email\contentmanager.py first seen with mtime 1738676256.0
File C:\Users\User\AppData\Local\Programs\Python\Python313\DLLs\_wmi.pyd first seen with mtime 1738676306.0
File C:\Users\User\AppData\Local\Programs\Python\Python313\Lib\site-packages\django\template\backends\django.py first seen with mtime 1743440448.9819305
File C:\Users\User\AppData\Local\Programs\Python\Python313\Lib\site-packages\django\utils\crypto.py first seen with mtime 1743440449.013624
File C:\Users\User\AppData\Local\Programs\Python\Python313\Lib\lzma.py first seen with mtime 1738676256.0
File C:\Users\User\AppData\Local\Programs\Python\Python313\Lib\site-packages\django\core\files\move.py first seen with mtime 1743440448.8499236
File C:\Users\User\AppData\Local\Programs\Python\Python313\Lib\site-packages\django\core\files\uploadhandler.py first seen with mtime 1743440448.8499236
File C:\Users\User\AppData\Local\Programs\Python\Python313\Lib\site-packages\asgiref\__init__.py first seen with mtime 1743440446.7861059
File C:\Users\User\AppData\Local\Programs\Python\Python313\Lib\asyncio\transports.py first seen with mtime 1738676256.0
File C:\Users\User\AppData\Local\Programs\Python\Python313\Lib\struct.py first seen with mtime 1738676256.0
File C:\Users\User\AppData\Local\Programs\Python\Python313\Lib\platform.py first seen with mtime 1738676256.0
File C:\Users\User\AppData\Local\Programs\Python\Python313\Lib\site-packages\django\core\files\base.py first seen with mtime 1743440448.847921
File C:\Users\User\Downloads\bannedgram-alex (1)\bannedgram-alex\banned_gram\banned_gram\settings.py first seen with mtime 1744671221.1190166
File C:\Users\User\AppData\Local\Programs\Python\Python313\Lib\site-packages\django\core\files\locks.py first seen with mtime 1743440448.847921
File C:\Users\User\AppData\Local\Programs\Python\Python313\Lib\site-packages\sqlparse\filters\output.py first seen with mtime 1743440446.2448235
File C:\Users\User\AppData\Local\Programs\Python\Python313\Lib\site-packages\django\forms\widgets.py first seen with mtime 1743440448.944515
File C:\Users\User\AppData\Local\Programs\Python\Python313\Lib\site-packages\django\template\backends\__init__.py first seen with mtime 1743440448.9819305
File C:\Users\User\AppData\Local\Programs\Python\Python313\DLLs\_socket.pyd first seen with mtime 1738676306.0
File C:\Users\User\AppData\Local\Programs\Python\Python313\Lib\site-packages\django\db\models\functions\__init__.py first seen with mtime 1743440448.93121
File C:\Users\User\AppData\Local\Programs\Python\Python313\Lib\site-packages\django\template\engine.py first seen with mtime 1743440448.9819305
File C:\Users\User\AppData\Local\Programs\Python\Python313\Lib\email\mime\multipart.py first seen with mtime 1738676256.0
File C:\Users\User\AppData\Local\Programs\Python\Python313\Lib\site-packages\sqlparse\engine\filter_stack.py first seen with mtime 1743440446.2448235
File C:\Users\User\AppData\Local\Programs\Python\Python313\Lib\site-packages\django\contrib\messages\apps.py first seen with mtime 1743440448.3334506
File C:\Users\User\AppData\Local\Programs\Python\Python313\Lib\site-packages\django\db\models\enums.py first seen with mtime 1743440448.9187312
File C:\Users\User\AppData\Local\Programs\Python\Python313\Lib\site-packages\django\db\models\manager.py first seen with mtime 1743440448.9187312
File C:\Users\User\AppData\Local\Programs\Python\Python313\Lib\email\header.py first seen with mtime 1738676256.0
File C:\Users\User\AppData\Local\Programs\Python\Python313\Lib\site-packages\django\views\decorators\cache.py first seen with mtime 1743440449.0333745
File C:\Users\User\AppData\Local\Programs\Python\Python313\Lib\logging\config.py first seen with mtime 1738676256.0
File C:\Users\User\AppData\Local\Programs\Python\Python313\Lib\email\__init__.py first seen with mtime 1738676256.0
File C:\Users\User\AppData\Local\Programs\Python\Python313\Lib\weakref.py first seen with mtime 1738676256.0
File C:\Users\User\AppData\Local\Programs\Python\Python313\Lib\multiprocessing\context.py first seen with mtime 1738676256.0
File C:\Users\User\AppData\Local\Programs\Python\Python313\Lib\hmac.py first seen with mtime 1738676256.0
File C:\Users\User\AppData\Local\Programs\Python\Python313\Lib\site-packages\django\core\paginator.py first seen with mtime 1743440448.832897
File C:\Users\User\AppData\Local\Programs\Python\Python313\Lib\site-packages\django\views\defaults.py first seen with mtime 1743440449.0333745
File C:\Users\User\AppData\Local\Programs\Python\Python313\Lib\enum.py first seen with mtime 1738676256.0
File C:\Users\User\AppData\Local\Programs\Python\Python313\Lib\site-packages\django\core\servers\__init__.py first seen with mtime 1743440448.8794518
File C:\Users\User\AppData\Local\Programs\Python\Python313\Lib\site-packages\django\utils\translation\__init__.py first seen with mtime 1743440449.0293684
File C:\Users\User\AppData\Local\Programs\Python\Python313\Lib\email\parser.py first seen with mtime 1738676256.0
File C:\Users\User\AppData\Local\Programs\Python\Python313\Lib\linecache.py first seen with mtime 1738676256.0
File C:\Users\User\AppData\Local\Programs\Python\Python313\Lib\html\__init__.py first seen with mtime 1738676256.0
File C:\Users\User\AppData\Local\Programs\Python\Python313\Lib\site-packages\django\contrib\admin\checks.py first seen with mtime 1743440447.2093794
File C:\Users\User\AppData\Local\Programs\Python\Python313\Lib\site-packages\sqlparse\sql.py first seen with mtime 1743440446.2448235
File C:\Users\User\AppData\Local\Programs\Python\Python313\Lib\warnings.py first seen with mtime 1738676256.0
File C:\Users\User\AppData\Local\Programs\Python\Python313\Lib\site-packages\django\core\files\storage\memory.py first seen with mtime 1743440448.8539298
File C:\Users\User\AppData\Local\Programs\Python\Python313\Lib\site-packages\django\core\checks\__init__.py first seen with mtime 1743440448.8399093
File C:\Users\User\AppData\Local\Programs\Python\Python313\Lib\site-packages\django\utils\choices.py first seen with mtime 1743440449.013624
File C:\Users\User\AppData\Local\Programs\Python\Python313\Lib\pkgutil.py first seen with mtime 1738676256.0
File C:\Users\User\AppData\Local\Programs\Python\Python313\Lib\site-packages\django\apps\registry.py first seen with mtime 1743440446.9936962
File C:\Users\User\AppData\Local\Programs\Python\Python313\Lib\inspect.py first seen with mtime 1738676256.0
File C:\Users\User\AppData\Local\Programs\Python\Python313\Lib\asyncio\coroutines.py first seen with mtime 1738676256.0
File C:\Users\User\AppData\Local\Programs\Python\Python313\Lib\site-packages\django\core\checks\security\__init__.py first seen with mtime 1743440448.8459184
File C:\Users\User\AppData\Local\Programs\Python\Python313\Lib\asyncio\windows_events.py first seen with mtime 1738676256.0
File C:\Users\User\AppData\Local\Programs\Python\Python313\Lib\site-packages\django\contrib\admin\sites.py first seen with mtime 1743440447.2093794
File C:\Users\User\AppData\Local\Programs\Python\Python313\Lib\site-packages\django\template\loaders\app_directories.py first seen with mtime 1743440448.9976647
File C:\Users\User\AppData\Local\Programs\Python\Python313\Lib\site-packages\django\core\validators.py first seen with mtime 1743440448.8348997
File C:\Users\User\AppData\Local\Programs\Python\Python313\Lib\site-packages\django\db\backends\base\features.py first seen with mtime 1743440448.8854606
File C:\Users\User\AppData\Local\Programs\Python\Python313\Lib\site-packages\django\core\checks\compatibility\__init__.py first seen with mtime 1743440448.8459184
File C:\Users\User\AppData\Local\Programs\Python\Python313\Lib\urllib\parse.py first seen with mtime 1738676256.0
File C:\Users\User\AppData\Local\Programs\Python\Python313\Lib\site-packages\django\db\models\aggregates.py first seen with mtime 1743440448.9169874
File C:\Users\User\AppData\Local\Programs\Python\Python313\Lib\site-packages\django\utils\log.py first seen with mtime 1743440449.0223558
File C:\Users\User\AppData\Local\Programs\Python\Python313\Lib\site-packages\django\contrib\auth\apps.py first seen with mtime 1743440447.6679766
File C:\Users\User\AppData\Local\Programs\Python\Python313\Lib\site-packages\django\template\loaders\__init__.py first seen with mtime 1743440448.9819305
File C:\Users\User\AppData\Local\Programs\Python\Python313\Lib\site-packages\django\db\backends\sqlite3\introspection.py first seen with mtime 1743440448.9049704
File C:\Users\User\Downloads\bannedgram-alex (1)\bannedgram-alex\banned_gram\banned_gram\urls.py first seen with mtime 1744670907.9674737
File C:\Users\User\AppData\Local\Programs\Python\Python313\Lib\site-packages\django\contrib\sessions\apps.py first seen with mtime 1743440448.555061
File C:\Users\User\AppData\Local\Programs\Python\Python313\Lib\site-packages\django\db\models\indexes.py first seen with mtime 1743440448.9187312
File C:\Users\User\AppData\Local\Programs\Python\Python313\Lib\reprlib.py first seen with mtime 1738676256.0
File C:\Users\User\AppData\Local\Programs\Python\Python313\Lib\asyncio\trsock.py first seen with mtime 1738676256.0
File C:\Users\User\AppData\Local\Programs\Python\Python313\Lib\site-packages\django\db\backends\sqlite3\__init__.py first seen with mtime 1743440448.9029677
File C:\Users\User\AppData\Local\Programs\Python\Python313\Lib\site-packages\django\utils\module_loading.py first seen with mtime 1743440449.0243595
File C:\Users\User\AppData\Local\Programs\Python\Python313\Lib\numbers.py first seen with mtime 1738676256.0
File C:\Users\User\AppData\Local\Programs\Python\Python313\DLLs\unicodedata.pyd first seen with mtime 1738676306.0
File C:\Users\User\AppData\Local\Programs\Python\Python313\Lib\urllib\error.py first seen with mtime 1738676256.0
File C:\Users\User\AppData\Local\Programs\Python\Python313\Lib\asyncio\protocols.py first seen with mtime 1738676256.0
File C:\Users\User\AppData\Local\Programs\Python\Python313\Lib\email\generator.py first seen with mtime 1738676256.0
File C:\Users\User\AppData\Local\Programs\Python\Python313\Lib\site-packages\django\db\backends\base\creation.py first seen with mtime 1743440448.8834572
File C:\Users\User\AppData\Local\Programs\Python\Python313\Lib\importlib\_abc.py first seen with mtime 1738676256.0
File C:\Users\User\AppData\Local\Programs\Python\Python313\Lib\site-packages\django\contrib\admin\templatetags\log.py first seen with mtime 1743440447.521538
File C:\Users\User\AppData\Local\Programs\Python\Python313\Lib\email\errors.py first seen with mtime 1738676256.0
File C:\Users\User\AppData\Local\Programs\Python\Python313\Lib\site-packages\django\contrib\staticfiles\handlers.py first seen with mtime 1743440448.825884
File C:\Users\User\AppData\Local\Programs\Python\Python313\Lib\site-packages\django\contrib\auth\tokens.py first seen with mtime 1743440447.6794112
File C:\Users\User\AppData\Local\Programs\Python\Python313\Lib\site-packages\django\template\utils.py first seen with mtime 1743440448.9819305
File C:\Users\User\AppData\Local\Programs\Python\Python313\Lib\asyncio\__init__.py first seen with mtime 1738676256.0
File C:\Users\User\AppData\Local\Programs\Python\Python313\Lib\datetime.py first seen with mtime 1738676256.0
File C:\Users\User\AppData\Local\Programs\Python\Python313\Lib\site-packages\django\core\handlers\exception.py first seen with mtime 1743440448.855675
File C:\Users\User\AppData\Local\Programs\Python\Python313\Lib\site-packages\django\db\backends\sqlite3\base.py first seen with mtime 1743440448.9029677
File C:\Users\User\AppData\Local\Programs\Python\Python313\Lib\site-packages\django\template\loader.py first seen with mtime 1743440448.9819305
File C:\Users\User\AppData\Local\Programs\Python\Python313\Lib\site-packages\django\templatetags\static.py first seen with mtime 1743440448.9976647
File C:\Users\User\AppData\Local\Programs\Python\Python313\Lib\site-packages\django\db\migrations\operations\fields.py first seen with mtime 1743440448.9149845
File C:\Users\User\AppData\Local\Programs\Python\Python313\Lib\site-packages\django\db\models\functions\comparison.py first seen with mtime 1743440448.93121
File C:\Users\User\AppData\Local\Programs\Python\Python313\Lib\asyncio\format_helpers.py first seen with mtime 1738676256.0
File C:\Users\User\AppData\Local\Programs\Python\Python313\Lib\asyncio\futures.py first seen with mtime 1738676256.0
File C:\Users\User\AppData\Local\Programs\Python\Python313\Lib\site-packages\django\contrib\admin\views\main.py first seen with mtime 1743440447.5235417
File C:\Users\User\AppData\Local\Programs\Python\Python313\Lib\urllib\request.py first seen with mtime 1738676256.0
File C:\Users\User\AppData\Local\Programs\Python\Python313\Lib\site-packages\django\core\files\images.py first seen with mtime 1743440448.847921
File C:\Users\User\AppData\Local\Programs\Python\Python313\Lib\operator.py first seen with mtime 1738676256.0
File C:\Users\User\AppData\Local\Programs\Python\Python313\Lib\site-packages\django\template\library.py first seen with mtime 1743440448.9819305
File C:\Users\User\AppData\Local\Programs\Python\Python313\Lib\site-packages\django\contrib\admin\templatetags\admin_urls.py first seen with mtime 1743440447.5195336
File C:\Users\User\AppData\Local\Programs\Python\Python313\Lib\site-packages\django\db\models\query_utils.py first seen with mtime 1743440448.9187312
File C:\Users\User\AppData\Local\Programs\Python\Python313\Lib\site-packages\django\core\mail\utils.py first seen with mtime 1743440448.8576782
File C:\Users\User\AppData\Local\Programs\Python\Python313\Lib\site-packages\django\db\models\functions\datetime.py first seen with mtime 1743440448.93121
File C:\Users\User\AppData\Local\Programs\Python\Python313\Lib\asyncio\taskgroups.py first seen with mtime 1738676256.0
File C:\Users\User\AppData\Local\Programs\Python\Python313\Lib\decimal.py first seen with mtime 1738676256.0
File C:\Users\User\AppData\Local\Programs\Python\Python313\Lib\site-packages\django\conf\global_settings.py first seen with mtime 1743440446.9936962
File C:\Users\User\AppData\Local\Programs\Python\Python313\Lib\site-packages\django\core\files\temp.py first seen with mtime 1743440448.8499236
File C:\Users\User\AppData\Local\Programs\Python\Python313\Lib\site-packages\django\utils\numberformat.py first seen with mtime 1743440449.0243595
File C:\Users\User\AppData\Local\Programs\Python\Python313\DLLs\_queue.pyd first seen with mtime 1738676306.0
File C:\Users\User\AppData\Local\Programs\Python\Python313\DLLs\_sqlite3.pyd first seen with mtime 1738676306.0
File C:\Users\User\AppData\Local\Programs\Python\Python313\Lib\asyncio\constants.py first seen with mtime 1738676256.0
File C:\Users\User\AppData\Local\Programs\Python\Python313\Lib\site-packages\django\db\backends\sqlite3\operations.py first seen with mtime 1743440448.9049704
File C:\Users\User\AppData\Local\Programs\Python\Python313\Lib\site-packages\django\contrib\staticfiles\management\commands\__init__.py first seen with mtime 1743440448.8288906
File C:\Users\User\AppData\Local\Programs\Python\Python313\Lib\asyncio\streams.py first seen with mtime 1738676256.0
File C:\Users\User\Downloads\bannedgram-alex (1)\bannedgram-alex\banned_gram\core\forms.py first seen with mtime 1744671029.6993346
File C:\Users\User\AppData\Local\Programs\Python\Python313\Lib\ctypes\__init__.py first seen with mtime 1738676256.0
File C:\Users\User\AppData\Local\Programs\Python\Python313\Lib\site-packages\django\core\signals.py first seen with mtime 1743440448.832897
File C:\Users\User\AppData\Local\Programs\Python\Python313\Lib\site-packages\django\http\__init__.py first seen with mtime 1743440448.9717722
File C:\Users\User\AppData\Local\Programs\Python\Python313\DLLs\_asyncio.pyd first seen with mtime 1738676306.0
File C:\Users\User\AppData\Local\Programs\Python\Python313\Lib\site-packages\django\core\checks\caches.py first seen with mtime 1743440448.8419125
File C:\Users\User\AppData\Local\Programs\Python\Python313\Lib\site-packages\django\urls\conf.py first seen with mtime 1743440449.002774
File C:\Users\User\AppData\Local\Programs\Python\Python313\Lib\site-packages\django\middleware\http.py first seen with mtime 1743440448.9819305
File C:\Users\User\AppData\Local\Programs\Python\Python313\Lib\importlib\__init__.py first seen with mtime 1738676256.0
File C:\Users\User\AppData\Local\Programs\Python\Python313\Lib\site-packages\django\core\cache\utils.py first seen with mtime 1743440448.8369029
File C:\Users\User\AppData\Local\Programs\Python\Python313\Lib\asyncio\timeouts.py first seen with mtime 1738676256.0
File C:\Users\User\AppData\Local\Programs\Python\Python313\Lib\site-packages\django\core\files\storage\handler.py first seen with mtime 1743440448.8519268
File C:\Users\User\AppData\Local\Programs\Python\Python313\Lib\site-packages\django\contrib\sessions\base_session.py first seen with mtime 1743440448.555061
File C:\Users\User\AppData\Local\Programs\Python\Python313\Lib\site-packages\django\contrib\staticfiles\finders.py first seen with mtime 1743440448.825884
File C:\Users\User\AppData\Local\Programs\Python\Python313\Lib\email\encoders.py first seen with mtime 1738676256.0
File C:\Users\User\AppData\Local\Programs\Python\Python313\Lib\site-packages\django\views\generic\base.py first seen with mtime 1743440449.0391192
File C:\Users\User\AppData\Local\Programs\Python\Python313\Lib\re\_casefix.py first seen with mtime 1738676256.0
File C:\Users\User\AppData\Local\Programs\Python\Python313\Lib\site-packages\django\template\smartif.py first seen with mtime 1743440448.9819305
File C:\Users\User\AppData\Local\Programs\Python\Python313\Lib\site-packages\django\core\cache\backends\locmem.py first seen with mtime 1743440448.8389058
File C:\Users\User\AppData\Local\Programs\Python\Python313\Lib\site-packages\django\utils\connection.py first seen with mtime 1743440449.013624
File C:\Users\User\AppData\Local\Programs\Python\Python313\Lib\encodings\cp1251.py first seen with mtime 1738676256.0
File C:\Users\User\AppData\Local\Programs\Python\Python313\Lib\site-packages\django\core\__init__.py first seen with mtime 1743440448.832897
File C:\Users\User\AppData\Local\Programs\Python\Python313\Lib\asyncio\subprocess.py first seen with mtime 1738676256.0
File C:\Users\User\AppData\Local\Programs\Python\Python313\Lib\site-packages\django\core\files\utils.py first seen with mtime 1743440448.8519268
File C:\Users\User\AppData\Local\Programs\Python\Python313\Lib\site-packages\django\utils\regex_helper.py first seen with mtime 1743440449.0243595
File C:\Users\User\AppData\Local\Programs\Python\Python313\Lib\functools.py first seen with mtime 1738676256.0
File C:\Users\User\AppData\Local\Programs\Python\Python313\Lib\site-packages\django\contrib\auth\base_user.py first seen with mtime 1743440447.6752112
File C:\Users\User\AppData\Local\Programs\Python\Python313\Lib\contextvars.py first seen with mtime 1738676256.0
File C:\Users\User\AppData\Local\Programs\Python\Python313\Lib\site-packages\django\db\models\sql\datastructures.py first seen with mtime 1743440448.934728
File C:\Users\User\AppData\Local\Programs\Python\Python313\Lib\site-packages\django\db\migrations\exceptions.py first seen with mtime 1743440448.908976
File C:\Users\User\AppData\Local\Programs\Python\Python313\Lib\asyncio\runners.py first seen with mtime 1738676256.0
File C:\Users\User\AppData\Local\Programs\Python\Python313\Lib\collections\__init__.py first seen with mtime 1738676256.0
File C:\Users\User\AppData\Local\Programs\Python\Python313\Lib\site-packages\django\db\models\expressions.py first seen with mtime 1743440448.9187312
File C:\Users\User\AppData\Local\Programs\Python\Python313\Lib\site-packages\django\core\cache\backends\filebased.py first seen with mtime 1743440448.8389058
File C:\Users\User\AppData\Local\Programs\Python\Python313\Lib\site-packages\django\core\checks\translation.py first seen with mtime 1743440448.8439157
File C:\Users\User\AppData\Local\Programs\Python\Python313\Lib\site-packages\django\core\checks\security\csrf.py first seen with mtime 1743440448.8459184
File C:\Users\User\AppData\Local\Programs\Python\Python313\Lib\site-packages\django\template\autoreload.py first seen with mtime 1743440448.9819305
File C:\Users\User\AppData\Local\Programs\Python\Python313\Lib\html\entities.py first seen with mtime 1738676256.0
File C:\Users\User\AppData\Local\Programs\Python\Python313\Lib\site-packages\django\db\models\signals.py first seen with mtime 1743440448.9187312
File C:\Users\User\AppData\Local\Programs\Python\Python313\Lib\site-packages\django\core\management\commands\__init__.py first seen with mtime 1743440448.8634276
File C:\Users\User\AppData\Local\Programs\Python\Python313\Lib\site-packages\django\template\__init__.py first seen with mtime 1743440448.9819305
File C:\Users\User\AppData\Local\Programs\Python\Python313\Lib\re\_parser.py first seen with mtime 1738676256.0
File C:\Users\User\AppData\Local\Programs\Python\Python313\Lib\site-packages\django\urls\base.py first seen with mtime 1743440449.002774
File C:\Users\User\AppData\Local\Programs\Python\Python313\Lib\site-packages\django\dispatch\__init__.py first seen with mtime 1743440448.9384873
File C:\Users\User\AppData\Local\Programs\Python\Python313\Lib\heapq.py first seen with mtime 1738676256.0
File C:\Users\User\AppData\Local\Programs\Python\Python313\Lib\site-packages\django\template\loaders\base.py first seen with mtime 1743440448.9976647
File C:\Users\User\AppData\Local\Programs\Python\Python313\Lib\json\decoder.py first seen with mtime 1738676256.0
File C:\Users\User\Downloads\bannedgram-alex (1)\bannedgram-alex\banned_gram\core\views.py first seen with mtime 1744671148.2456396
File C:\Users\User\AppData\Local\Programs\Python\Python313\Lib\email\mime\base.py first seen with mtime 1738676256.0
File C:\Users\User\AppData\Local\Programs\Python\Python313\Lib\site-packages\django\template\backends\base.py first seen with mtime 1743440448.9819305
File C:\Users\User\AppData\Local\Programs\Python\Python313\Lib\site-packages\django\template\defaultfilters.py first seen with mtime 1743440448.9819305
File C:\Users\User\AppData\Local\Programs\Python\Python313\Lib\json\__init__.py first seen with mtime 1738676256.0
File C:\Users\User\AppData\Local\Programs\Python\Python313\Lib\site-packages\django\contrib\staticfiles\checks.py first seen with mtime 1743440448.825884
File C:\Users\User\AppData\Local\Programs\Python\Python313\Lib\site-packages\django\views\i18n.py first seen with mtime 1743440449.0333745
File C:\Users\User\AppData\Local\Programs\Python\Python313\Lib\site-packages\django\middleware\security.py first seen with mtime 1743440448.9819305
File C:\Users\User\AppData\Local\Programs\Python\Python313\Lib\urllib\response.py first seen with mtime 1738676256.0
File C:\Users\User\AppData\Local\Programs\Python\Python313\Lib\site-packages\django\urls\converters.py first seen with mtime 1743440449.002774
File C:\Users\User\AppData\Local\Programs\Python\Python313\Lib\zoneinfo\__init__.py first seen with mtime 1738676256.0
File C:\Users\User\AppData\Local\Programs\Python\Python313\Lib\site-packages\django\db\models\base.py first seen with mtime 1743440448.9169874
File C:\Users\User\AppData\Local\Programs\Python\Python313\Lib\site-packages\django\utils\safestring.py first seen with mtime 1743440449.0243595
File C:\Users\User\AppData\Local\Programs\Python\Python313\Lib\site-packages\django\core\signing.py first seen with mtime 1743440448.8348997
File C:\Users\User\AppData\Local\Programs\Python\Python313\Lib\site-packages\django\contrib\auth\forms.py first seen with mtime 1743440447.6752112
File C:\Users\User\AppData\Local\Programs\Python\Python313\Lib\site-packages\django\core\checks\security\base.py first seen with mtime 1743440448.8459184
File C:\Users\User\AppData\Local\Programs\Python\Python313\Lib\types.py first seen with mtime 1738676256.0
File C:\Users\User\AppData\Local\Programs\Python\Python313\Lib\site-packages\django\views\decorators\common.py first seen with mtime 1743440449.0333745
File C:\Users\User\AppData\Local\Programs\Python\Python313\Lib\re\_constants.py first seen with mtime 1738676256.0
File C:\Users\User\AppData\Local\Programs\Python\Python313\Lib\site-packages\django\db\backends\__init__.py first seen with mtime 1743440448.8814545
File C:\Users\User\AppData\Local\Programs\Python\Python313\Lib\asyncio\threads.py first seen with mtime 1738676256.0
File C:\Users\User\AppData\Local\Programs\Python\Python313\Lib\site-packages\sqlparse\__init__.py first seen with mtime 1743440446.2448235
File C:\Users\User\AppData\Local\Programs\Python\Python313\Lib\site-packages\django\core\handlers\__init__.py first seen with mtime 1743440448.8539298
File C:\Users\User\AppData\Local\Programs\Python\Python313\Lib\email\policy.py first seen with mtime 1738676256.0
File C:\Users\User\Downloads\bannedgram-alex (1)\bannedgram-alex\banned_gram\banned_gram\__init__.py first seen with mtime 1744670907.929472
File C:\Users\User\AppData\Local\Programs\Python\Python313\Lib\email\headerregistry.py first seen with mtime 1738676256.0
File C:\Users\User\AppData\Local\Programs\Python\Python313\Lib\pathlib\__init__.py first seen with mtime 1738676256.0
File C:\Users\User\AppData\Local\Programs\Python\Python313\Lib\site-packages\django\utils\formats.py first seen with mtime 1743440449.0159688
File C:\Users\User\AppData\Local\Programs\Python\Python313\Lib\glob.py first seen with mtime 1738676256.0
File C:\Users\User\AppData\Local\Programs\Python\Python313\Lib\site-packages\django\forms\forms.py first seen with mtime 1743440448.9404974
File C:\Users\User\AppData\Local\Programs\Python\Python313\Lib\site-packages\django\contrib\admin\__init__.py first seen with mtime 1743440447.1993103
File C:\Users\User\AppData\Local\Programs\Python\Python313\Lib\site-packages\django\db\transaction.py first seen with mtime 1743440448.8794518
File C:\Users\User\AppData\Local\Programs\Python\Python313\Lib\site-packages\django\db\migrations\utils.py first seen with mtime 1743440448.912981
File C:\Users\User\AppData\Local\Programs\Python\Python313\Lib\site-packages\django\core\exceptions.py first seen with mtime 1743440448.832897
File C:\Users\User\AppData\Local\Programs\Python\Python313\Lib\site-packages\django\db\backends\sqlite3\client.py first seen with mtime 1743440448.9049704
File C:\Users\User\AppData\Local\Programs\Python\Python313\Lib\site-packages\django\contrib\sessions\__init__.py first seen with mtime 1743440448.555061
File C:\Users\User\AppData\Local\Programs\Python\Python313\Lib\site-packages\django\db\models\fields\json.py first seen with mtime 1743440448.926181
File C:\Users\User\AppData\Local\Programs\Python\Python313\Lib\site-packages\django\utils\ipv6.py first seen with mtime 1743440449.0223558
File C:\Users\User\AppData\Local\Programs\Python\Python313\Lib\site-packages\django\utils\translation\trans_real.py first seen with mtime 1743440449.0313716
File C:\Users\User\AppData\Local\Programs\Python\Python313\Lib\site-packages\django\forms\boundfield.py first seen with mtime 1743440448.9404974
File C:\Users\User\AppData\Local\Programs\Python\Python313\Lib\email\_encoded_words.py first seen with mtime 1738676256.0
File C:\Users\User\AppData\Local\Programs\Python\Python313\Lib\site-packages\django\db\backends\base\schema.py first seen with mtime 1743440448.8872044
File C:\Users\User\AppData\Local\Programs\Python\Python313\Lib\site-packages\django\contrib\contenttypes\checks.py first seen with mtime 1743440447.8111339
File C:\Users\User\AppData\Local\Programs\Python\Python313\Lib\asyncio\base_subprocess.py first seen with mtime 1738676256.0
File C:\Users\User\AppData\Local\Programs\Python\Python313\Lib\site-packages\django\contrib\staticfiles\views.py first seen with mtime 1743440448.8288906
File C:\Users\User\AppData\Local\Programs\Python\Python313\Lib\site-packages\django\contrib\sites\shortcuts.py first seen with mtime 1743440448.6971455
File C:\Users\User\AppData\Local\Programs\Python\Python313\Lib\bisect.py first seen with mtime 1738676256.0
File C:\Users\User\AppData\Local\Programs\Python\Python313\Lib\site-packages\django\core\checks\templates.py first seen with mtime 1743440448.8439157
File C:\Users\User\Downloads\bannedgram-alex (1)\bannedgram-alex\banned_gram\core\templates\core first seen with mtime 1744671100.5766087
File C:\Users\User\Downloads\bannedgram-alex (1)\bannedgram-alex\banned_gram\core\templates\registration first seen with mtime 1744671084.4487405
File C:\Users\User\Downloads\bannedgram-alex (1)\bannedgram-alex\banned_gram\core\templates\core\base.html first seen with mtime 1744670966.3278189
File C:\Users\User\Downloads\bannedgram-alex (1)\bannedgram-alex\banned_gram\core\templates\core\base_simple.html first seen with mtime 1744671100.5756016
File C:\Users\User\Downloads\bannedgram-alex (1)\bannedgram-alex\banned_gram\core\templates\core\chat_detail.html first seen with mtime 1744671061.336246
File C:\Users\User\Downloads\bannedgram-alex (1)\bannedgram-alex\banned_gram\core\templates\core\chat_list.html first seen with mtime 1744671046.809446
File C:\Users\User\Downloads\bannedgram-alex (1)\bannedgram-alex\banned_gram\core\templates\core\feed.html first seen with mtime 1744670976.2074566
File C:\Users\User\Downloads\bannedgram-alex (1)\bannedgram-alex\banned_gram\core\templates\core\profile.html first seen with mtime 1744670982.0355573
File C:\Users\User\Downloads\bannedgram-alex (1)\bannedgram-alex\banned_gram\core\templates\registration\login.html first seen with mtime 1744671078.066155
File C:\Users\User\Downloads\bannedgram-alex (1)\bannedgram-alex\banned_gram\core\templates\registration\signup.html first seen with mtime 1744671084.4487405
(0.000) SELECT "django_session"."session_key", "django_session"."session_data", "django_session"."expire_date" FROM "django_session" WHERE ("django_session"."expire_date" > '2025-04-14 22:53:45.599225' AND "django_session"."session_key" = '6aiggnb2xdwcp0zk4yg5mdly75eq3pgj') LIMIT 21; args=('2025-04-14 22:53:45.599225', '6aiggnb2xdwcp0zk4yg5mdly75eq3pgj'); alias=default
"GET / HTTP/1.1" 302 0
"GET /accounts/login/?next=/ HTTP/1.1" 200 2168
File C:\Users\User\AppData\Local\Programs\Python\Python313\Lib\site-packages\PIL\ImageMode.py first seen with mtime 1743440488.4779267
File C:\Users\User\AppData\Local\Programs\Python\Python313\Lib\site-packages\django\contrib\sessions\migrations\0001_initial.py first seen with mtime 1743440448.6971455
File C:\Users\User\AppData\Local\Programs\Python\Python313\Lib\site-packages\django\contrib\sessions\backends\__init__.py first seen with mtime 1743440448.555061
File C:\Users\User\AppData\Local\Programs\Python\Python313\Lib\site-packages\PIL\_version.py first seen with mtime 1743440488.540234
File C:\Users\User\AppData\Local\Programs\Python\Python313\Lib\site-packages\PIL\TiffTags.py first seen with mtime 1743440488.4946535
File C:\Users\User\AppData\Local\Programs\Python\Python313\Lib\site-packages\django\contrib\auth\migrations\0010_alter_group_name_max_length.py first seen with mtime 1743440447.795075
File C:\Users\User\AppData\Local\Programs\Python\Python313\Lib\site-packages\django\contrib\sessions\backends\db.py first seen with mtime 1743440448.571054
File C:\Users\User\AppData\Local\Programs\Python\Python313\Lib\site-packages\django\db\migrations\graph.py first seen with mtime 1743440448.908976
File C:\Users\User\AppData\Local\Programs\Python\Python313\Lib\site-packages\django\contrib\auth\migrations\0007_alter_validators_add_error_messages.py first seen with mtime 1743440447.795075
File C:\Users\User\AppData\Local\Programs\Python\Python313\Lib\site-packages\django\contrib\sessions\exceptions.py first seen with mtime 1743440448.555061
File C:\Users\User\AppData\Local\Programs\Python\Python313\Lib\site-packages\django\contrib\messages\storage\session.py first seen with mtime 1743440448.3334506
File C:\Users\User\AppData\Local\Programs\Python\Python313\Lib\site-packages\django\middleware\clickjacking.py first seen with mtime 1743440448.9819305
File C:\Users\User\AppData\Local\Programs\Python\Python313\Lib\site-packages\django\contrib\auth\migrations\0004_alter_user_username_opts.py first seen with mtime 1743440447.795075
File C:\Users\User\AppData\Local\Programs\Python\Python313\Lib\site-packages\django\contrib\messages\context_processors.py first seen with mtime 1743440448.3334506
File C:\Users\User\AppData\Local\Programs\Python\Python313\Lib\site-packages\django\contrib\contenttypes\migrations\0002_remove_content_type_name.py first seen with mtime 1743440447.9282339
File C:\Users\User\AppData\Local\Programs\Python\Python313\Lib\site-packages\django\contrib\contenttypes\migrations\__init__.py first seen with mtime 1743440447.9282339
File C:\Users\User\AppData\Local\Programs\Python\Python313\Lib\site-packages\PIL\ExifTags.py first seen with mtime 1743440488.4674351
File C:\Users\User\AppData\Local\Programs\Python\Python313\Lib\site-packages\PIL\Image.py first seen with mtime 1743440488.4769225
File C:\Users\User\AppData\Local\Programs\Python\Python313\Lib\site-packages\django\contrib\auth\migrations\0011_update_proxy_permissions.py first seen with mtime 1743440447.8111339
File C:\Users\User\AppData\Local\Programs\Python\Python313\Lib\site-packages\django\middleware\common.py first seen with mtime 1743440448.9819305
File C:\Users\User\AppData\Local\Programs\Python\Python313\Lib\site-packages\django\contrib\sessions\backends\base.py first seen with mtime 1743440448.555061
File C:\Users\User\AppData\Local\Programs\Python\Python313\Lib\site-packages\django\contrib\admin\migrations\0001_initial.py first seen with mtime 1743440447.4368827
File C:\Users\User\AppData\Local\Programs\Python\Python313\Lib\site-packages\django\contrib\contenttypes\migrations\0001_initial.py first seen with mtime 1743440447.9282339
File C:\Users\User\AppData\Local\Programs\Python\Python313\Lib\site-packages\django\db\migrations\recorder.py first seen with mtime 1743440448.9109786
File C:\Users\User\AppData\Local\Programs\Python\Python313\Lib\site-packages\django\contrib\admin\migrations\__init__.py first seen with mtime 1743440447.4368827
File C:\Users\User\AppData\Local\Programs\Python\Python313\Lib\site-packages\django\db\migrations\executor.py first seen with mtime 1743440448.908976
File C:\Users\User\AppData\Local\Programs\Python\Python313\Lib\site-packages\django\contrib\sessions\serializers.py first seen with mtime 1743440448.555061
File C:\Users\User\AppData\Local\Programs\Python\Python313\Lib\site-packages\django\contrib\auth\migrations\__init__.py first seen with mtime 1743440447.8111339
File C:\Users\User\AppData\Local\Programs\Python\Python313\Lib\site-packages\PIL\_util.py first seen with mtime 1743440488.540234
File C:\Users\User\AppData\Local\Programs\Python\Python313\Lib\site-packages\django\template\context_processors.py first seen with mtime 1743440448.9819305
File C:\Users\User\Downloads\bannedgram-alex (1)\bannedgram-alex\banned_gram\banned_gram\wsgi.py first seen with mtime 1744670907.981983
File C:\Users\User\AppData\Local\Programs\Python\Python313\Lib\site-packages\django\contrib\auth\migrations\0005_alter_user_last_login_null.py first seen with mtime 1743440447.795075
File C:\Users\User\AppData\Local\Programs\Python\Python313\Lib\site-packages\django\contrib\auth\migrations\0001_initial.py first seen with mtime 1743440447.795075
File C:\Users\User\AppData\Local\Programs\Python\Python313\Lib\site-packages\django\contrib\auth\migrations\0012_alter_user_first_name_max_length.py first seen with mtime 1743440447.8111339
File C:\Users\User\Downloads\bannedgram-alex (1)\bannedgram-alex\banned_gram\core\migrations\0001_initial.py first seen with mtime 1744670908.1212766
File C:\Users\User\AppData\Local\Programs\Python\Python313\Lib\site-packages\django\contrib\messages\storage\cookie.py first seen with mtime 1743440448.3334506
File C:\Users\User\AppData\Local\Programs\Python\Python313\Lib\site-packages\django\db\migrations\loader.py first seen with mtime 1743440448.908976
File C:\Users\User\AppData\Local\Programs\Python\Python313\Lib\encodings\idna.py first seen with mtime 1738676256.0
File C:\Users\User\AppData\Local\Programs\Python\Python313\Lib\site-packages\django\contrib\messages\storage\fallback.py first seen with mtime 1743440448.3334506
File C:\Users\User\AppData\Local\Programs\Python\Python313\Lib\stringprep.py first seen with mtime 1738676256.0
File C:\Users\User\AppData\Local\Programs\Python\Python313\Lib\site-packages\django\contrib\auth\migrations\0003_alter_user_email_max_length.py first seen with mtime 1743440447.795075
File C:\Users\User\Downloads\bannedgram-alex (1)\bannedgram-alex\banned_gram\core\migrations\__init__.py first seen with mtime 1744670908.1332762
File C:\Users\User\AppData\Local\Programs\Python\Python313\Lib\site-packages\django\contrib\auth\migrations\0006_require_contenttypes_0002.py first seen with mtime 1743440447.795075
File C:\Users\User\AppData\Local\Programs\Python\Python313\Lib\site-packages\django\db\models\sql\compiler.py first seen with mtime 1743440448.934728
File C:\Users\User\AppData\Local\Programs\Python\Python313\Lib\site-packages\django\contrib\auth\migrations\0008_alter_user_username_max_length.py first seen with mtime 1743440447.795075
File C:\Users\User\AppData\Local\Programs\Python\Python313\Lib\site-packages\PIL\_typing.py first seen with mtime 1743440488.540234
File C:\Users\User\AppData\Local\Programs\Python\Python313\Lib\__future__.py first seen with mtime 1738676256.0
File C:\Users\User\AppData\Local\Programs\Python\Python313\Lib\site-packages\PIL\_imaging.cp313-win_amd64.pyd first seen with mtime 1743440488.5204484
File C:\Users\User\AppData\Local\Programs\Python\Python313\Lib\site-packages\django\contrib\sessions\migrations\__init__.py first seen with mtime 1743440448.6971455
File C:\Users\User\AppData\Local\Programs\Python\Python313\Lib\site-packages\django\contrib\auth\context_processors.py first seen with mtime 1743440447.6752112
File C:\Users\User\AppData\Local\Programs\Python\Python313\Lib\site-packages\django\contrib\auth\migrations\0009_alter_user_last_name_max_length.py first seen with mtime 1743440447.795075
File C:\Users\User\AppData\Local\Programs\Python\Python313\Lib\site-packages\PIL\__init__.py first seen with mtime 1743440488.4946535
File C:\Users\User\AppData\Local\Programs\Python\Python313\Lib\site-packages\django\contrib\messages\middleware.py first seen with mtime 1743440448.3334506
File C:\Users\User\AppData\Local\Programs\Python\Python313\Lib\site-packages\PIL\_binary.py first seen with mtime 1743440488.4946535
File C:\Users\User\AppData\Local\Programs\Python\Python313\Lib\site-packages\PIL\_deprecate.py first seen with mtime 1743440488.4946535
File C:\Users\User\AppData\Local\Programs\Python\Python313\Lib\site-packages\django\contrib\admin\migrations\0003_logentry_add_action_flag_choices.py first seen with mtime 1743440447.4368827
File C:\Users\User\AppData\Local\Programs\Python\Python313\Lib\site-packages\django\contrib\auth\migrations\0002_alter_permission_name_max_length.py first seen with mtime 1743440447.795075
File C:\Users\User\AppData\Local\Programs\Python\Python313\Lib\site-packages\django\contrib\admin\migrations\0002_logentry_remove_auto_add.py first seen with mtime 1743440447.4368827
File C:\Users\User\Downloads\bannedgram-alex (1)\bannedgram-alex\banned_gram\core\templates\registration previous mtime: 1744671084.4487405, current mtime: 1744671255.810807
C:\Users\User\Downloads\bannedgram-alex (1)\bannedgram-alex\banned_gram\core\templates\registration notified as changed. Signal results: [(<function template_changed at 0x0000020515A71BC0>, True), (<function translation_file_changed at 0x00000205169DD800>, None)].
File C:\Users\User\Downloads\bannedgram-alex (1)\bannedgram-alex\banned_gram\core\templates\registration\login.html previous mtime: 1744671078.066155, current mtime: 1744671255.810807
C:\Users\User\Downloads\bannedgram-alex (1)\bannedgram-alex\banned_gram\core\templates\registration\login.html notified as changed. Signal results: [(<function template_changed at 0x0000020515A71BC0>, True), (<function translation_file_changed at 0x00000205169DD800>, None)].
File C:\Users\User\Downloads\bannedgram-alex (1)\bannedgram-alex\banned_gram\core\templates\registration previous mtime: 1744671255.810807, current mtime: 1744671261.320571
C:\Users\User\Downloads\bannedgram-alex (1)\bannedgram-alex\banned_gram\core\templates\registration notified as changed. Signal results: [(<function template_changed at 0x0000020515A71BC0>, True), (<function translation_file_changed at 0x00000205169DD800>, None)].
File C:\Users\User\Downloads\bannedgram-alex (1)\bannedgram-alex\banned_gram\core\templates\registration\signup.html previous mtime: 1744671084.4487405, current mtime: 1744671261.320571
C:\Users\User\Downloads\bannedgram-alex (1)\bannedgram-alex\banned_gram\core\templates\registration\signup.html notified as changed. Signal results: [(<function template_changed at 0x0000020515A71BC0>, True), (<function translation_file_changed at 0x00000205169DD800>, None)].
File C:\Users\User\Downloads\bannedgram-alex (1)\bannedgram-alex\banned_gram\core\templates\core previous mtime: 1744671100.5766087, current mtime: 1744671269.974317
C:\Users\User\Downloads\bannedgram-alex (1)\bannedgram-alex\banned_gram\core\templates\core notified as changed. Signal results: [(<function template_changed at 0x0000020515A71BC0>, True), (<function translation_file_changed at 0x00000205169DD800>, None)].
File C:\Users\User\Downloads\bannedgram-alex (1)\bannedgram-alex\banned_gram\core\templates\core\profile.html previous mtime: 1744670982.0355573, current mtime: 1744671269.9733183
C:\Users\User\Downloads\bannedgram-alex (1)\bannedgram-alex\banned_gram\core\templates\core\profile.html notified as changed. Signal results: [(<function template_changed at 0x0000020515A71BC0>, True), (<function translation_file_changed at 0x00000205169DD800>, None)].
File C:\Users\User\Downloads\bannedgram-alex (1)\bannedgram-alex\banned_gram\core\templates\core previous mtime: 1744671269.974317, current mtime: 1744671276.0357473
C:\Users\User\Downloads\bannedgram-alex (1)\bannedgram-alex\banned_gram\core\templates\core notified as changed. Signal results: [(<function template_changed at 0x0000020515A71BC0>, True), (<function translation_file_changed at 0x00000205169DD800>, None)].
File C:\Users\User\Downloads\bannedgram-alex (1)\bannedgram-alex\banned_gram\core\templates\core\base.html previous mtime: 1744670966.3278189, current mtime: 1744671276.0391593
C:\Users\User\Downloads\bannedgram-alex (1)\bannedgram-alex\banned_gram\core\templates\core\base.html notified as changed. Signal results: [(<function template_changed at 0x0000020515A71BC0>, True), (<function translation_file_changed at 0x00000205169DD800>, None)].
File C:\Users\User\Downloads\bannedgram-alex (1)\bannedgram-alex\banned_gram\core\templates\core previous mtime: 1744671276.0357473, current mtime: 1744671276.0391593
C:\Users\User\Downloads\bannedgram-alex (1)\bannedgram-alex\banned_gram\core\templates\core notified as changed. Signal results: [(<function template_changed at 0x0000020515A71BC0>, True), (<function translation_file_changed at 0x00000205169DD800>, None)].
"GET /accounts/login/?next=/ HTTP/1.1" 200 2075
(0.000) SELECT "core_user"."id", "core_user"."password", "core_user"."last_login", "core_user"."is_superuser", "core_user"."username", "core_user"."first_name", "core_user"."last_name", "core_user"."email", "core_user"."is_staff", "core_user"."is_active", "core_user"."date_joined", "core_user"."avatar", "core_user"."bio" FROM "core_user" WHERE "core_user"."username" = 'dimas1' LIMIT 21; args=('dimas1',); alias=default
"POST /accounts/login/?next=/ HTTP/1.1" 200 2229
(0.000) SELECT "core_user"."id", "core_user"."password", "core_user"."last_login", "core_user"."is_superuser", "core_user"."username", "core_user"."first_name", "core_user"."last_name", "core_user"."email", "core_user"."is_staff", "core_user"."is_active", "core_user"."date_joined", "core_user"."avatar", "core_user"."bio" FROM "core_user" WHERE "core_user"."username" = 'dimas' LIMIT 21; args=('dimas',); alias=default
"POST /accounts/login/?next=/ HTTP/1.1" 200 2229
"GET /signup/ HTTP/1.1" 200 2450
File C:\Users\User\Downloads\bannedgram-alex (1)\bannedgram-alex\banned_gram\core\templates\core previous mtime: 1744671276.0391593, current mtime: 1744671342.9226758
C:\Users\User\Downloads\bannedgram-alex (1)\bannedgram-alex\banned_gram\core\templates\core notified as changed. Signal results: [(<function template_changed at 0x0000020515A71BC0>, True), (<function translation_file_changed at 0x00000205169DD800>, None)].
File C:\Users\User\Downloads\bannedgram-alex (1)\bannedgram-alex\banned_gram\core\templates\core\base.html previous mtime: 1744671276.0391593, current mtime: 1744671342.9124007
C:\Users\User\Downloads\bannedgram-alex (1)\bannedgram-alex\banned_gram\core\templates\core\base.html notified as changed. Signal results: [(<function template_changed at 0x0000020515A71BC0>, True), (<function translation_file_changed at 0x00000205169DD800>, None)].
File C:\Users\User\Downloads\bannedgram-alex (1)\bannedgram-alex\banned_gram\core\templates\registration previous mtime: 1744671261.320571, current mtime: 1744671363.9165025
C:\Users\User\Downloads\bannedgram-alex (1)\bannedgram-alex\banned_gram\core\templates\registration notified as changed. Signal results: [(<function template_changed at 0x0000020515A71BC0>, True), (<function translation_file_changed at 0x00000205169DD800>, None)].
File C:\Users\User\Downloads\bannedgram-alex (1)\bannedgram-alex\banned_gram\core\templates\registration\login.html previous mtime: 1744671255.810807, current mtime: 1744671363.9165025
C:\Users\User\Downloads\bannedgram-alex (1)\bannedgram-alex\banned_gram\core\templates\registration\login.html notified as changed. Signal results: [(<function template_changed at 0x0000020515A71BC0>, True), (<function translation_file_changed at 0x00000205169DD800>, None)].
File C:\Users\User\Downloads\bannedgram-alex (1)\bannedgram-alex\banned_gram\core\templates\registration previous mtime: 1744671363.9165025, current mtime: 1744671371.0243475
C:\Users\User\Downloads\bannedgram-alex (1)\bannedgram-alex\banned_gram\core\templates\registration notified as changed. Signal results: [(<function template_changed at 0x0000020515A71BC0>, True), (<function translation_file_changed at 0x00000205169DD800>, None)].
File C:\Users\User\Downloads\bannedgram-alex (1)\bannedgram-alex\banned_gram\core\templates\registration\signup.html previous mtime: 1744671261.320571, current mtime: 1744671371.0243475
C:\Users\User\Downloads\bannedgram-alex (1)\bannedgram-alex\banned_gram\core\templates\registration\signup.html notified as changed. Signal results: [(<function template_changed at 0x0000020515A71BC0>, True), (<function translation_file_changed at 0x00000205169DD800>, None)].
File C:\Users\User\Downloads\bannedgram-alex (1)\bannedgram-alex\banned_gram\core\templates\core previous mtime: 1744671342.9226758, current mtime: 1744671388.6500447
C:\Users\User\Downloads\bannedgram-alex (1)\bannedgram-alex\banned_gram\core\templates\core notified as changed. Signal results: [(<function template_changed at 0x0000020515A71BC0>, True), (<function translation_file_changed at 0x00000205169DD800>, None)].
File C:\Users\User\Downloads\bannedgram-alex (1)\bannedgram-alex\banned_gram\core\templates\core\base.html previous mtime: 1744671342.9124007, current mtime: 1744671388.6500447
C:\Users\User\Downloads\bannedgram-alex (1)\bannedgram-alex\banned_gram\core\templates\core\base.html notified as changed. Signal results: [(<function template_changed at 0x0000020515A71BC0>, True), (<function translation_file_changed at 0x00000205169DD800>, None)].
"GET / HTTP/1.1" 302 0
"GET /accounts/login/?next=/ HTTP/1.1" 200 2168
"GET /signup/ HTTP/1.1" 200 2952
"GET /accounts/login/ HTTP/1.1" 200 2167
(0.000) SELECT "core_user"."id", "core_user"."password", "core_user"."last_login", "core_user"."is_superuser", "core_user"."username", "core_user"."first_name", "core_user"."last_name", "core_user"."email", "core_user"."is_staff", "core_user"."is_active", "core_user"."date_joined", "core_user"."avatar", "core_user"."bio" FROM "core_user" WHERE "core_user"."username" = 'dimas1' LIMIT 21; args=('dimas1',); alias=default
"POST /accounts/login/ HTTP/1.1" 200 2519
"GET /signup/ HTTP/1.1" 200 2952
(0.000) SELECT 1 AS "a" FROM "core_user" WHERE "core_user"."username" LIKE 'dimas' ESCAPE '\' LIMIT 1; args=(1, 'dimas'); alias=default
(0.000) SELECT 1 AS "a" FROM "core_user" WHERE "core_user"."username" = 'dimas' LIMIT 1; args=(1, 'dimas'); alias=default
(0.003) INSERT INTO "core_user" ("password", "last_login", "is_superuser", "username", "first_name", "last_name", "email", "is_staff", "is_active", "date_joined", "avatar", "bio") VALUES ('pbkdf2_sha256$870000$ueS7w3JdenKB1CKDebQPyP$4YBCjjJ7wEFzQvCZTTWbRTqWTdnpasAw2sGvQ88tYQY=', NULL, 0, 'dimas', '', '', 'dimaost_super@mail.ru', 0, 1, '2025-04-14 22:57:20.777496', '', '') RETURNING "core_user"."id"; args=('pbkdf2_sha256$870000$ueS7w3JdenKB1CKDebQPyP$4YBCjjJ7wEFzQvCZTTWbRTqWTdnpasAw2sGvQ88tYQY=', None, False, 'dimas', '', '', 'dimaost_super@mail.ru', False, True, '2025-04-14 22:57:20.777496', '', ''); alias=default
(0.000) SELECT 1 AS "a" FROM "django_session" WHERE "django_session"."session_key" = 'vl2ckpszzu30htybzcut5laprcsbb394' LIMIT 1; args=(1, 'vl2ckpszzu30htybzcut5laprcsbb394'); alias=default
(0.000) BEGIN; args=None; alias=default
(0.001) INSERT INTO "django_session" ("session_key", "session_data", "expire_date") VALUES ('vl2ckpszzu30htybzcut5laprcsbb394', 'e30:1u4Sjx:sCytKD3gd4u_9yJStFGfWgiD67F8ks0gUrzBoj0md6c', '2025-04-28 22:57:21.152050'); args=('vl2ckpszzu30htybzcut5laprcsbb394', 'e30:1u4Sjx:sCytKD3gd4u_9yJStFGfWgiD67F8ks0gUrzBoj0md6c', '2025-04-28 22:57:21.152050'); alias=default
(0.001) COMMIT; args=None; alias=default
(0.001) UPDATE "core_user" SET "last_login" = '2025-04-14 22:57:21.154324' WHERE "core_user"."id" = 5; args=('2025-04-14 22:57:21.154324', 5); alias=default
(0.000) BEGIN; args=None; alias=default
(0.001) UPDATE "django_session" SET "session_data" = '.eJxVjEEOwiAQRe_C2pAyZRBcuu8ZmoEZpGpoUtqV8e7apAvd_vfef6mRtrWMW5NlnFhdFKrT7xYpPaTugO9Ub7NOc12XKepd0QdtephZntfD_Tso1Mq37rwJ4oIw8jljDAYgZ3A2x5xMcrYPJNaT833X2YQAzBGBGJ1PIAbV-wPmuTfb:1u4Sjx:FHg1-u8n0LM39p0KgYMrv459U-SMtq9uA5uPC0pnNVY', "expire_date" = '2025-04-28 22:57:21.156238' WHERE "django_session"."session_key" = 'vl2ckpszzu30htybzcut5laprcsbb394'; args=('.eJxVjEEOwiAQRe_C2pAyZRBcuu8ZmoEZpGpoUtqV8e7apAvd_vfef6mRtrWMW5NlnFhdFKrT7xYpPaTugO9Ub7NOc12XKepd0QdtephZntfD_Tso1Mq37rwJ4oIw8jljDAYgZ3A2x5xMcrYPJNaT833X2YQAzBGBGJ1PIAbV-wPmuTfb:1u4Sjx:FHg1-u8n0LM39p0KgYMrv459U-SMtq9uA5uPC0pnNVY', '2025-04-28 22:57:21.156238', 'vl2ckpszzu30htybzcut5laprcsbb394'); alias=default
(0.001) COMMIT; args=None; alias=default
"POST /signup/ HTTP/1.1" 302 0
(0.000) SELECT "django_session"."session_key", "django_session"."session_data", "django_session"."expire_date" FROM "django_session" WHERE ("django_session"."expire_date" > '2025-04-14 22:57:21.161216' AND "django_session"."session_key" = 'vl2ckpszzu30htybzcut5laprcsbb394') LIMIT 21; args=('2025-04-14 22:57:21.161216', 'vl2ckpszzu30htybzcut5laprcsbb394'); alias=default
(0.000) SELECT "core_user"."id", "core_user"."password", "core_user"."last_login", "core_user"."is_superuser", "core_user"."username", "core_user"."first_name", "core_user"."last_name", "core_user"."email", "core_user"."is_staff", "core_user"."is_active", "core_user"."date_joined", "core_user"."avatar", "core_user"."bio" FROM "core_user" WHERE "core_user"."id" = 5 LIMIT 21; args=(5,); alias=default
(0.000) SELECT "core_post"."id", "core_post"."user_id", "core_post"."image", "core_post"."caption", "core_post"."created_at" FROM "core_post" ORDER BY "core_post"."created_at" DESC; args=(); alias=default
(0.000) SELECT "core_user"."id", "core_user"."password", "core_user"."last_login", "core_user"."is_superuser", "core_user"."username", "core_user"."first_name", "core_user"."last_name", "core_user"."email", "core_user"."is_staff", "core_user"."is_active", "core_user"."date_joined", "core_user"."avatar", "core_user"."bio" FROM "core_user" WHERE "core_user"."id" = 2 LIMIT 21; args=(2,); alias=default
(0.000) SELECT "core_like"."id", "core_like"."user_id", "core_like"."post_id", "core_like"."created_at" FROM "core_like" WHERE "core_like"."post_id" = 4; args=(4,); alias=default
(0.000) SELECT COUNT(*) AS "__count" FROM "core_like" WHERE "core_like"."post_id" = 4; args=(4,); alias=default
(0.000) SELECT "core_comment"."id", "core_comment"."user_id", "core_comment"."post_id", "core_comment"."text", "core_comment"."created_at" FROM "core_comment" WHERE "core_comment"."post_id" = 4 LIMIT 3; args=(4,); alias=default
(0.000) SELECT "core_user"."id", "core_user"."password", "core_user"."last_login", "core_user"."is_superuser", "core_user"."username", "core_user"."first_name", "core_user"."last_name", "core_user"."email", "core_user"."is_staff", "core_user"."is_active", "core_user"."date_joined", "core_user"."avatar", "core_user"."bio" FROM "core_user" WHERE "core_user"."id" = 4 LIMIT 21; args=(4,); alias=default
(0.000) SELECT COUNT(*) AS "__count" FROM "core_comment" WHERE "core_comment"."post_id" = 4; args=(4,); alias=default
(0.000) SELECT "core_user"."id", "core_user"."password", "core_user"."last_login", "core_user"."is_superuser", "core_user"."username", "core_user"."first_name", "core_user"."last_name", "core_user"."email", "core_user"."is_staff", "core_user"."is_active", "core_user"."date_joined", "core_user"."avatar", "core_user"."bio" FROM "core_user" WHERE "core_user"."id" = 2 LIMIT 21; args=(2,); alias=default
(0.000) SELECT "core_like"."id", "core_like"."user_id", "core_like"."post_id", "core_like"."created_at" FROM "core_like" WHERE "core_like"."post_id" = 3; args=(3,); alias=default
(0.000) SELECT COUNT(*) AS "__count" FROM "core_like" WHERE "core_like"."post_id" = 3; args=(3,); alias=default
(0.000) SELECT "core_comment"."id", "core_comment"."user_id", "core_comment"."post_id", "core_comment"."text", "core_comment"."created_at" FROM "core_comment" WHERE "core_comment"."post_id" = 3 LIMIT 3; args=(3,); alias=default
(0.000) SELECT "core_user"."id", "core_user"."password", "core_user"."last_login", "core_user"."is_superuser", "core_user"."username", "core_user"."first_name", "core_user"."last_name", "core_user"."email", "core_user"."is_staff", "core_user"."is_active", "core_user"."date_joined", "core_user"."avatar", "core_user"."bio" FROM "core_user" WHERE "core_user"."id" = 2 LIMIT 21; args=(2,); alias=default
(0.000) SELECT COUNT(*) AS "__count" FROM "core_comment" WHERE "core_comment"."post_id" = 3; args=(3,); alias=default
(0.000) SELECT "core_user"."id", "core_user"."password", "core_user"."last_login", "core_user"."is_superuser", "core_user"."username", "core_user"."first_name", "core_user"."last_name", "core_user"."email", "core_user"."is_staff", "core_user"."is_active", "core_user"."date_joined", "core_user"."avatar", "core_user"."bio" FROM "core_user" WHERE "core_user"."id" = 2 LIMIT 21; args=(2,); alias=default
(0.000) SELECT "core_like"."id", "core_like"."user_id", "core_like"."post_id", "core_like"."created_at" FROM "core_like" WHERE "core_like"."post_id" = 2; args=(2,); alias=default
(0.000) SELECT COUNT(*) AS "__count" FROM "core_like" WHERE "core_like"."post_id" = 2; args=(2,); alias=default
(0.000) SELECT "core_comment"."id", "core_comment"."user_id", "core_comment"."post_id", "core_comment"."text", "core_comment"."created_at" FROM "core_comment" WHERE "core_comment"."post_id" = 2 LIMIT 3; args=(2,); alias=default
(0.000) SELECT COUNT(*) AS "__count" FROM "core_comment" WHERE "core_comment"."post_id" = 2; args=(2,); alias=default
(0.000) SELECT "core_user"."id", "core_user"."password", "core_user"."last_login", "core_user"."is_superuser", "core_user"."username", "core_user"."first_name", "core_user"."last_name", "core_user"."email", "core_user"."is_staff", "core_user"."is_active", "core_user"."date_joined", "core_user"."avatar", "core_user"."bio" FROM "core_user" WHERE "core_user"."id" = 3 LIMIT 21; args=(3,); alias=default
(0.000) SELECT "core_like"."id", "core_like"."user_id", "core_like"."post_id", "core_like"."created_at" FROM "core_like" WHERE "core_like"."post_id" = 1; args=(1,); alias=default
(0.000) SELECT COUNT(*) AS "__count" FROM "core_like" WHERE "core_like"."post_id" = 1; args=(1,); alias=default
(0.000) SELECT "core_comment"."id", "core_comment"."user_id", "core_comment"."post_id", "core_comment"."text", "core_comment"."created_at" FROM "core_comment" WHERE "core_comment"."post_id" = 1 LIMIT 3; args=(1,); alias=default
(0.000) SELECT "core_user"."id", "core_user"."password", "core_user"."last_login", "core_user"."is_superuser", "core_user"."username", "core_user"."first_name", "core_user"."last_name", "core_user"."email", "core_user"."is_staff", "core_user"."is_active", "core_user"."date_joined", "core_user"."avatar", "core_user"."bio" FROM "core_user" WHERE "core_user"."id" = 2 LIMIT 21; args=(2,); alias=default
(0.000) SELECT COUNT(*) AS "__count" FROM "core_comment" WHERE "core_comment"."post_id" = 1; args=(1,); alias=default
"GET / HTTP/1.1" 200 9582
Exception while resolving variable 'name' in template 'unknown'.
Traceback (most recent call last):
  File "C:\Users\User\AppData\Local\Programs\Python\Python313\Lib\site-packages\django\core\handlers\exception.py", line 55, in inner
    response = get_response(request)
  File "C:\Users\User\AppData\Local\Programs\Python\Python313\Lib\site-packages\django\core\handlers\base.py", line 197, in _get_response
    response = wrapped_callback(request, *callback_args, **callback_kwargs)
  File "C:\Users\User\AppData\Local\Programs\Python\Python313\Lib\site-packages\django\views\static.py", line 51, in serve
    raise Http404(_("“%(path)s” does not exist") % {"path": fullpath})
django.http.response.Http404: “C:\Users\User\Downloads\bannedgram-alex (1)\bannedgram-alex\banned_gram\media\posts\photo_5271831193882574932_y.jpg” does not exist

During handling of the above exception, another exception occurred:

Traceback (most recent call last):
  File "C:\Users\User\AppData\Local\Programs\Python\Python313\Lib\site-packages\django\template\base.py", line 883, in _resolve_lookup
    current = current[bit]
              ~~~~~~~^^^^^
TypeError: 'URLResolver' object is not subscriptable

During handling of the above exception, another exception occurred:

Traceback (most recent call last):
  File "C:\Users\User\AppData\Local\Programs\Python\Python313\Lib\site-packages\django\template\base.py", line 893, in _resolve_lookup
    current = getattr(current, bit)
AttributeError: 'URLResolver' object has no attribute 'name'

During handling of the above exception, another exception occurred:

Traceback (most recent call last):
  File "C:\Users\User\AppData\Local\Programs\Python\Python313\Lib\site-packages\django\template\base.py", line 899, in _resolve_lookup
    current = current[int(bit)]
                      ~~~^^^^^
ValueError: invalid literal for int() with base 10: 'name'

During handling of the above exception, another exception occurred:

Traceback (most recent call last):
  File "C:\Users\User\AppData\Local\Programs\Python\Python313\Lib\site-packages\django\template\base.py", line 906, in _resolve_lookup
    raise VariableDoesNotExist(
    ^^^^^^^^^^^^^^^^^^^^^^^^^^^
    ...<2 lines>...
    )  # missing attribute
    ^
django.template.base.VariableDoesNotExist: Failed lookup for key [name] in <URLResolver <URLPattern list> (admin:admin) 'admin/'>
Exception while resolving variable 'name' in template 'unknown'.
Traceback (most recent call last):
  File "C:\Users\User\AppData\Local\Programs\Python\Python313\Lib\site-packages\django\core\handlers\exception.py", line 55, in inner
    response = get_response(request)
  File "C:\Users\User\AppData\Local\Programs\Python\Python313\Lib\site-packages\django\core\handlers\base.py", line 197, in _get_response
    response = wrapped_callback(request, *callback_args, **callback_kwargs)
  File "C:\Users\User\AppData\Local\Programs\Python\Python313\Lib\site-packages\django\views\static.py", line 51, in serve
    raise Http404(_("“%(path)s” does not exist") % {"path": fullpath})
django.http.response.Http404: “C:\Users\User\Downloads\bannedgram-alex (1)\bannedgram-alex\banned_gram\media\posts\photo_5271831193882574932_y.jpg” does not exist

During handling of the above exception, another exception occurred:

Traceback (most recent call last):
  File "C:\Users\User\AppData\Local\Programs\Python\Python313\Lib\site-packages\django\template\base.py", line 883, in _resolve_lookup
    current = current[bit]
              ~~~~~~~^^^^^
TypeError: 'URLResolver' object is not subscriptable

During handling of the above exception, another exception occurred:

Traceback (most recent call last):
  File "C:\Users\User\AppData\Local\Programs\Python\Python313\Lib\site-packages\django\template\base.py", line 893, in _resolve_lookup
    current = getattr(current, bit)
AttributeError: 'URLResolver' object has no attribute 'name'

During handling of the above exception, another exception occurred:

Traceback (most recent call last):
  File "C:\Users\User\AppData\Local\Programs\Python\Python313\Lib\site-packages\django\template\base.py", line 899, in _resolve_lookup
    current = current[int(bit)]
                      ~~~^^^^^
ValueError: invalid literal for int() with base 10: 'name'

During handling of the above exception, another exception occurred:

Traceback (most recent call last):
  File "C:\Users\User\AppData\Local\Programs\Python\Python313\Lib\site-packages\django\template\base.py", line 906, in _resolve_lookup
    raise VariableDoesNotExist(
    ^^^^^^^^^^^^^^^^^^^^^^^^^^^
    ...<2 lines>...
    )  # missing attribute
    ^
django.template.base.VariableDoesNotExist: Failed lookup for key [name] in <URLResolver <module 'django.contrib.auth.urls' from 'C:\\Users\\User\\AppData\\Local\\Programs\\Python\\Python313\\Lib\\site-packages\\django\\contrib\\auth\\urls.py'> (None:None) 'accounts/'>
Exception while resolving variable 'name' in template 'unknown'.
Traceback (most recent call last):
  File "C:\Users\User\AppData\Local\Programs\Python\Python313\Lib\site-packages\django\core\handlers\exception.py", line 55, in inner
    response = get_response(request)
  File "C:\Users\User\AppData\Local\Programs\Python\Python313\Lib\site-packages\django\core\handlers\base.py", line 197, in _get_response
    response = wrapped_callback(request, *callback_args, **callback_kwargs)
  File "C:\Users\User\AppData\Local\Programs\Python\Python313\Lib\site-packages\django\views\static.py", line 51, in serve
    raise Http404(_("“%(path)s” does not exist") % {"path": fullpath})
django.http.response.Http404: “C:\Users\User\Downloads\bannedgram-alex (1)\bannedgram-alex\banned_gram\media\posts\photo_5271831193882574932_y.jpg” does not exist

During handling of the above exception, another exception occurred:

Traceback (most recent call last):
  File "C:\Users\User\AppData\Local\Programs\Python\Python313\Lib\site-packages\django\template\base.py", line 883, in _resolve_lookup
    current = current[bit]
              ~~~~~~~^^^^^
TypeError: 'URLResolver' object is not subscriptable

During handling of the above exception, another exception occurred:

Traceback (most recent call last):
  File "C:\Users\User\AppData\Local\Programs\Python\Python313\Lib\site-packages\django\template\base.py", line 893, in _resolve_lookup
    current = getattr(current, bit)
AttributeError: 'URLResolver' object has no attribute 'name'

During handling of the above exception, another exception occurred:

Traceback (most recent call last):
  File "C:\Users\User\AppData\Local\Programs\Python\Python313\Lib\site-packages\django\template\base.py", line 899, in _resolve_lookup
    current = current[int(bit)]
                      ~~~^^^^^
ValueError: invalid literal for int() with base 10: 'name'

During handling of the above exception, another exception occurred:

Traceback (most recent call last):
  File "C:\Users\User\AppData\Local\Programs\Python\Python313\Lib\site-packages\django\template\base.py", line 906, in _resolve_lookup
    raise VariableDoesNotExist(
    ^^^^^^^^^^^^^^^^^^^^^^^^^^^
    ...<2 lines>...
    )  # missing attribute
    ^
django.template.base.VariableDoesNotExist: Failed lookup for key [name] in <URLResolver <module 'core.urls' from 'C:\\Users\\User\\Downloads\\bannedgram-alex (1)\\bannedgram-alex\\banned_gram\\core\\urls.py'> (None:None) 'accounts/'>
Not Found: /media/posts/photo_5271831193882574932_y.jpg
"GET /media/posts/photo_5271831193882574932_y.jpg HTTP/1.1" 404 6550
"GET /media/posts/image.png HTTP/1.1" 200 2790784
"GET /media/path/to/image.jpg HTTP/1.1" 200 3636218
"GET /media/avatars/IMG_5868.JPG HTTP/1.1" 200 3636218
"GET /media/posts/IMG_1275.JPG HTTP/1.1" 200 4498797
File C:\Users\User\AppData\Local\Programs\Python\Python313\Lib\site-packages\django\conf\locale\en\__init__.py first seen with mtime 1743440447.035722
File C:\Users\User\AppData\Local\Programs\Python\Python313\Lib\site-packages\django\conf\locale\en\formats.py first seen with mtime 1743440447.035722
File C:\Users\User\Downloads\bannedgram-alex (1)\bannedgram-alex\banned_gram\core\templates\core previous mtime: 1744671388.6500447, current mtime: 1744671466.6599877
C:\Users\User\Downloads\bannedgram-alex (1)\bannedgram-alex\banned_gram\core\templates\core notified as changed. Signal results: [(<function template_changed at 0x0000020515A71BC0>, True), (<function translation_file_changed at 0x00000205169DD800>, None)].
File C:\Users\User\Downloads\bannedgram-alex (1)\bannedgram-alex\banned_gram\core\templates\core\base.html previous mtime: 1744671388.6500447, current mtime: 1744671466.658987
C:\Users\User\Downloads\bannedgram-alex (1)\bannedgram-alex\banned_gram\core\templates\core\base.html notified as changed. Signal results: [(<function template_changed at 0x0000020515A71BC0>, True), (<function translation_file_changed at 0x00000205169DD800>, None)].
File C:\Users\User\Downloads\bannedgram-alex (1)\bannedgram-alex\banned_gram\core\templates\core previous mtime: 1744671466.6599877, current mtime: 1744671479.9013157
C:\Users\User\Downloads\bannedgram-alex (1)\bannedgram-alex\banned_gram\core\templates\core notified as changed. Signal results: [(<function template_changed at 0x0000020515A71BC0>, True), (<function translation_file_changed at 0x00000205169DD800>, None)].
File C:\Users\User\Downloads\bannedgram-alex (1)\bannedgram-alex\banned_gram\core\templates\core\profile.html previous mtime: 1744671269.9733183, current mtime: 1744671479.9003158
C:\Users\User\Downloads\bannedgram-alex (1)\bannedgram-alex\banned_gram\core\templates\core\profile.html notified as changed. Signal results: [(<function template_changed at 0x0000020515A71BC0>, True), (<function translation_file_changed at 0x00000205169DD800>, None)].
File C:\Users\User\Downloads\bannedgram-alex (1)\bannedgram-alex\banned_gram\core\templates\registration previous mtime: 1744671371.0243475, current mtime: 1744671488.1705534
C:\Users\User\Downloads\bannedgram-alex (1)\bannedgram-alex\banned_gram\core\templates\registration notified as changed. Signal results: [(<function template_changed at 0x0000020515A71BC0>, True), (<function translation_file_changed at 0x00000205169DD800>, None)].
File C:\Users\User\Downloads\bannedgram-alex (1)\bannedgram-alex\banned_gram\core\templates\registration\login.html previous mtime: 1744671363.9165025, current mtime: 1744671488.1705534
C:\Users\User\Downloads\bannedgram-alex (1)\bannedgram-alex\banned_gram\core\templates\registration\login.html notified as changed. Signal results: [(<function template_changed at 0x0000020515A71BC0>, True), (<function translation_file_changed at 0x00000205169DD800>, None)].
File C:\Users\User\Downloads\bannedgram-alex (1)\bannedgram-alex\banned_gram\core\templates\registration previous mtime: 1744671488.1705534, current mtime: 1744671493.0206833
C:\Users\User\Downloads\bannedgram-alex (1)\bannedgram-alex\banned_gram\core\templates\registration notified as changed. Signal results: [(<function template_changed at 0x0000020515A71BC0>, True), (<function translation_file_changed at 0x00000205169DD800>, None)].
File C:\Users\User\Downloads\bannedgram-alex (1)\bannedgram-alex\banned_gram\core\templates\registration\signup.html previous mtime: 1744671371.0243475, current mtime: 1744671493.0206833
C:\Users\User\Downloads\bannedgram-alex (1)\bannedgram-alex\banned_gram\core\templates\registration\signup.html notified as changed. Signal results: [(<function template_changed at 0x0000020515A71BC0>, True), (<function translation_file_changed at 0x00000205169DD800>, None)].
File C:\Users\User\Downloads\bannedgram-alex (1)\bannedgram-alex\banned_gram\core\templates\registration previous mtime: 1744671493.0206833, current mtime: 1744671516.0666342
C:\Users\User\Downloads\bannedgram-alex (1)\bannedgram-alex\banned_gram\core\templates\registration notified as changed. Signal results: [(<function template_changed at 0x0000020515A71BC0>, True), (<function translation_file_changed at 0x00000205169DD800>, None)].
File C:\Users\User\Downloads\bannedgram-alex (1)\bannedgram-alex\banned_gram\core\templates\registration\login.html previous mtime: 1744671488.1705534, current mtime: 1744671516.0666342
C:\Users\User\Downloads\bannedgram-alex (1)\bannedgram-alex\banned_gram\core\templates\registration\login.html notified as changed. Signal results: [(<function template_changed at 0x0000020515A71BC0>, True), (<function translation_file_changed at 0x00000205169DD800>, None)].
File C:\Users\User\Downloads\bannedgram-alex (1)\bannedgram-alex\banned_gram\core\templates\registration previous mtime: 1744671516.0666342, current mtime: 1744671521.8125193
C:\Users\User\Downloads\bannedgram-alex (1)\bannedgram-alex\banned_gram\core\templates\registration notified as changed. Signal results: [(<function template_changed at 0x0000020515A71BC0>, True), (<function translation_file_changed at 0x00000205169DD800>, None)].
File C:\Users\User\Downloads\bannedgram-alex (1)\bannedgram-alex\banned_gram\core\templates\registration\signup.html previous mtime: 1744671493.0206833, current mtime: 1744671521.8115213
C:\Users\User\Downloads\bannedgram-alex (1)\bannedgram-alex\banned_gram\core\templates\registration\signup.html notified as changed. Signal results: [(<function template_changed at 0x0000020515A71BC0>, True), (<function translation_file_changed at 0x00000205169DD800>, None)].
File C:\Users\User\Downloads\bannedgram-alex (1)\bannedgram-alex\banned_gram\core\templates\core previous mtime: 1744671479.9013157, current mtime: 1744671528.4320185
C:\Users\User\Downloads\bannedgram-alex (1)\bannedgram-alex\banned_gram\core\templates\core notified as changed. Signal results: [(<function template_changed at 0x0000020515A71BC0>, True), (<function translation_file_changed at 0x00000205169DD800>, None)].
File C:\Users\User\Downloads\bannedgram-alex (1)\bannedgram-alex\banned_gram\core\templates\core\base_simple.html previous mtime: 1744671100.5756016, current mtime: 1744671528.4310107
C:\Users\User\Downloads\bannedgram-alex (1)\bannedgram-alex\banned_gram\core\templates\core\base_simple.html notified as changed. Signal results: [(<function template_changed at 0x0000020515A71BC0>, True), (<function translation_file_changed at 0x00000205169DD800>, None)].
(0.000) SELECT "django_session"."session_key", "django_session"."session_data", "django_session"."expire_date" FROM "django_session" WHERE ("django_session"."expire_date" > '2025-04-14 22:59:21.707709' AND "django_session"."session_key" = 'vl2ckpszzu30htybzcut5laprcsbb394') LIMIT 21; args=('2025-04-14 22:59:21.707709', 'vl2ckpszzu30htybzcut5laprcsbb394'); alias=default
(0.000) SELECT "core_user"."id", "core_user"."password", "core_user"."last_login", "core_user"."is_superuser", "core_user"."username", "core_user"."first_name", "core_user"."last_name", "core_user"."email", "core_user"."is_staff", "core_user"."is_active", "core_user"."date_joined", "core_user"."avatar", "core_user"."bio" FROM "core_user" WHERE "core_user"."id" = 5 LIMIT 21; args=(5,); alias=default
(0.000) SELECT "core_post"."id", "core_post"."user_id", "core_post"."image", "core_post"."caption", "core_post"."created_at" FROM "core_post" ORDER BY "core_post"."created_at" DESC; args=(); alias=default
(0.000) SELECT "core_user"."id", "core_user"."password", "core_user"."last_login", "core_user"."is_superuser", "core_user"."username", "core_user"."first_name", "core_user"."last_name", "core_user"."email", "core_user"."is_staff", "core_user"."is_active", "core_user"."date_joined", "core_user"."avatar", "core_user"."bio" FROM "core_user" WHERE "core_user"."id" = 2 LIMIT 21; args=(2,); alias=default
(0.000) SELECT "core_like"."id", "core_like"."user_id", "core_like"."post_id", "core_like"."created_at" FROM "core_like" WHERE "core_like"."post_id" = 4; args=(4,); alias=default
(0.000) SELECT COUNT(*) AS "__count" FROM "core_like" WHERE "core_like"."post_id" = 4; args=(4,); alias=default
(0.000) SELECT "core_comment"."id", "core_comment"."user_id", "core_comment"."post_id", "core_comment"."text", "core_comment"."created_at" FROM "core_comment" WHERE "core_comment"."post_id" = 4 LIMIT 3; args=(4,); alias=default
(0.000) SELECT "core_user"."id", "core_user"."password", "core_user"."last_login", "core_user"."is_superuser", "core_user"."username", "core_user"."first_name", "core_user"."last_name", "core_user"."email", "core_user"."is_staff", "core_user"."is_active", "core_user"."date_joined", "core_user"."avatar", "core_user"."bio" FROM "core_user" WHERE "core_user"."id" = 4 LIMIT 21; args=(4,); alias=default
(0.000) SELECT COUNT(*) AS "__count" FROM "core_comment" WHERE "core_comment"."post_id" = 4; args=(4,); alias=default
(0.000) SELECT "core_user"."id", "core_user"."password", "core_user"."last_login", "core_user"."is_superuser", "core_user"."username", "core_user"."first_name", "core_user"."last_name", "core_user"."email", "core_user"."is_staff", "core_user"."is_active", "core_user"."date_joined", "core_user"."avatar", "core_user"."bio" FROM "core_user" WHERE "core_user"."id" = 2 LIMIT 21; args=(2,); alias=default
(0.000) SELECT "core_like"."id", "core_like"."user_id", "core_like"."post_id", "core_like"."created_at" FROM "core_like" WHERE "core_like"."post_id" = 3; args=(3,); alias=default
(0.000) SELECT COUNT(*) AS "__count" FROM "core_like" WHERE "core_like"."post_id" = 3; args=(3,); alias=default
(0.000) SELECT "core_comment"."id", "core_comment"."user_id", "core_comment"."post_id", "core_comment"."text", "core_comment"."created_at" FROM "core_comment" WHERE "core_comment"."post_id" = 3 LIMIT 3; args=(3,); alias=default
(0.000) SELECT "core_user"."id", "core_user"."password", "core_user"."last_login", "core_user"."is_superuser", "core_user"."username", "core_user"."first_name", "core_user"."last_name", "core_user"."email", "core_user"."is_staff", "core_user"."is_active", "core_user"."date_joined", "core_user"."avatar", "core_user"."bio" FROM "core_user" WHERE "core_user"."id" = 2 LIMIT 21; args=(2,); alias=default
(0.000) SELECT COUNT(*) AS "__count" FROM "core_comment" WHERE "core_comment"."post_id" = 3; args=(3,); alias=default
(0.000) SELECT "core_user"."id", "core_user"."password", "core_user"."last_login", "core_user"."is_superuser", "core_user"."username", "core_user"."first_name", "core_user"."last_name", "core_user"."email", "core_user"."is_staff", "core_user"."is_active", "core_user"."date_joined", "core_user"."avatar", "core_user"."bio" FROM "core_user" WHERE "core_user"."id" = 2 LIMIT 21; args=(2,); alias=default
(0.000) SELECT "core_like"."id", "core_like"."user_id", "core_like"."post_id", "core_like"."created_at" FROM "core_like" WHERE "core_like"."post_id" = 2; args=(2,); alias=default
(0.000) SELECT COUNT(*) AS "__count" FROM "core_like" WHERE "core_like"."post_id" = 2; args=(2,); alias=default
(0.000) SELECT "core_comment"."id", "core_comment"."user_id", "core_comment"."post_id", "core_comment"."text", "core_comment"."created_at" FROM "core_comment" WHERE "core_comment"."post_id" = 2 LIMIT 3; args=(2,); alias=default
(0.000) SELECT COUNT(*) AS "__count" FROM "core_comment" WHERE "core_comment"."post_id" = 2; args=(2,); alias=default
(0.000) SELECT "core_user"."id", "core_user"."password", "core_user"."last_login", "core_user"."is_superuser", "core_user"."username", "core_user"."first_name", "core_user"."last_name", "core_user"."email", "core_user"."is_staff", "core_user"."is_active", "core_user"."date_joined", "core_user"."avatar", "core_user"."bio" FROM "core_user" WHERE "core_user"."id" = 3 LIMIT 21; args=(3,); alias=default
(0.000) SELECT "core_like"."id", "core_like"."user_id", "core_like"."post_id", "core_like"."created_at" FROM "core_like" WHERE "core_like"."post_id" = 1; args=(1,); alias=default
(0.000) SELECT COUNT(*) AS "__count" FROM "core_like" WHERE "core_like"."post_id" = 1; args=(1,); alias=default
(0.000) SELECT "core_comment"."id", "core_comment"."user_id", "core_comment"."post_id", "core_comment"."text", "core_comment"."created_at" FROM "core_comment" WHERE "core_comment"."post_id" = 1 LIMIT 3; args=(1,); alias=default
(0.000) SELECT "core_user"."id", "core_user"."password", "core_user"."last_login", "core_user"."is_superuser", "core_user"."username", "core_user"."first_name", "core_user"."last_name", "core_user"."email", "core_user"."is_staff", "core_user"."is_active", "core_user"."date_joined", "core_user"."avatar", "core_user"."bio" FROM "core_user" WHERE "core_user"."id" = 2 LIMIT 21; args=(2,); alias=default
(0.000) SELECT COUNT(*) AS "__count" FROM "core_comment" WHERE "core_comment"."post_id" = 1; args=(1,); alias=default
"GET / HTTP/1.1" 200 12136
"GET /media/avatars/IMG_5868.JPG HTTP/1.1" 304 0
Exception while resolving variable 'name' in template 'unknown'.
Traceback (most recent call last):
  File "C:\Users\User\AppData\Local\Programs\Python\Python313\Lib\site-packages\django\core\handlers\exception.py", line 55, in inner
    response = get_response(request)
  File "C:\Users\User\AppData\Local\Programs\Python\Python313\Lib\site-packages\django\core\handlers\base.py", line 197, in _get_response
    response = wrapped_callback(request, *callback_args, **callback_kwargs)
  File "C:\Users\User\AppData\Local\Programs\Python\Python313\Lib\site-packages\django\views\static.py", line 51, in serve
    raise Http404(_("“%(path)s” does not exist") % {"path": fullpath})
django.http.response.Http404: “C:\Users\User\Downloads\bannedgram-alex (1)\bannedgram-alex\banned_gram\media\posts\photo_5271831193882574932_y.jpg” does not exist

During handling of the above exception, another exception occurred:

Traceback (most recent call last):
  File "C:\Users\User\AppData\Local\Programs\Python\Python313\Lib\site-packages\django\template\base.py", line 883, in _resolve_lookup
    current = current[bit]
              ~~~~~~~^^^^^
TypeError: 'URLResolver' object is not subscriptable

During handling of the above exception, another exception occurred:

Traceback (most recent call last):
  File "C:\Users\User\AppData\Local\Programs\Python\Python313\Lib\site-packages\django\template\base.py", line 893, in _resolve_lookup
    current = getattr(current, bit)
AttributeError: 'URLResolver' object has no attribute 'name'

During handling of the above exception, another exception occurred:

Traceback (most recent call last):
  File "C:\Users\User\AppData\Local\Programs\Python\Python313\Lib\site-packages\django\template\base.py", line 899, in _resolve_lookup
    current = current[int(bit)]
                      ~~~^^^^^
ValueError: invalid literal for int() with base 10: 'name'

During handling of the above exception, another exception occurred:

Traceback (most recent call last):
  File "C:\Users\User\AppData\Local\Programs\Python\Python313\Lib\site-packages\django\template\base.py", line 906, in _resolve_lookup
    raise VariableDoesNotExist(
    ^^^^^^^^^^^^^^^^^^^^^^^^^^^
    ...<2 lines>...
    )  # missing attribute
    ^
django.template.base.VariableDoesNotExist: Failed lookup for key [name] in <URLResolver <URLPattern list> (admin:admin) 'admin/'>
Exception while resolving variable 'name' in template 'unknown'.
Traceback (most recent call last):
  File "C:\Users\User\AppData\Local\Programs\Python\Python313\Lib\site-packages\django\core\handlers\exception.py", line 55, in inner
    response = get_response(request)
  File "C:\Users\User\AppData\Local\Programs\Python\Python313\Lib\site-packages\django\core\handlers\base.py", line 197, in _get_response
    response = wrapped_callback(request, *callback_args, **callback_kwargs)
  File "C:\Users\User\AppData\Local\Programs\Python\Python313\Lib\site-packages\django\views\static.py", line 51, in serve
    raise Http404(_("“%(path)s” does not exist") % {"path": fullpath})
django.http.response.Http404: “C:\Users\User\Downloads\bannedgram-alex (1)\bannedgram-alex\banned_gram\media\posts\photo_5271831193882574932_y.jpg” does not exist

During handling of the above exception, another exception occurred:

Traceback (most recent call last):
  File "C:\Users\User\AppData\Local\Programs\Python\Python313\Lib\site-packages\django\template\base.py", line 883, in _resolve_lookup
    current = current[bit]
              ~~~~~~~^^^^^
TypeError: 'URLResolver' object is not subscriptable

During handling of the above exception, another exception occurred:

Traceback (most recent call last):
  File "C:\Users\User\AppData\Local\Programs\Python\Python313\Lib\site-packages\django\template\base.py", line 893, in _resolve_lookup
    current = getattr(current, bit)
AttributeError: 'URLResolver' object has no attribute 'name'

During handling of the above exception, another exception occurred:

Traceback (most recent call last):
  File "C:\Users\User\AppData\Local\Programs\Python\Python313\Lib\site-packages\django\template\base.py", line 899, in _resolve_lookup
    current = current[int(bit)]
                      ~~~^^^^^
ValueError: invalid literal for int() with base 10: 'name'

During handling of the above exception, another exception occurred:

Traceback (most recent call last):
  File "C:\Users\User\AppData\Local\Programs\Python\Python313\Lib\site-packages\django\template\base.py", line 906, in _resolve_lookup
    raise VariableDoesNotExist(
    ^^^^^^^^^^^^^^^^^^^^^^^^^^^
    ...<2 lines>...
    )  # missing attribute
    ^
django.template.base.VariableDoesNotExist: Failed lookup for key [name] in <URLResolver <module 'django.contrib.auth.urls' from 'C:\\Users\\User\\AppData\\Local\\Programs\\Python\\Python313\\Lib\\site-packages\\django\\contrib\\auth\\urls.py'> (None:None) 'accounts/'>
Exception while resolving variable 'name' in template 'unknown'.
Traceback (most recent call last):
  File "C:\Users\User\AppData\Local\Programs\Python\Python313\Lib\site-packages\django\core\handlers\exception.py", line 55, in inner
    response = get_response(request)
  File "C:\Users\User\AppData\Local\Programs\Python\Python313\Lib\site-packages\django\core\handlers\base.py", line 197, in _get_response
    response = wrapped_callback(request, *callback_args, **callback_kwargs)
  File "C:\Users\User\AppData\Local\Programs\Python\Python313\Lib\site-packages\django\views\static.py", line 51, in serve
    raise Http404(_("“%(path)s” does not exist") % {"path": fullpath})
django.http.response.Http404: “C:\Users\User\Downloads\bannedgram-alex (1)\bannedgram-alex\banned_gram\media\posts\photo_5271831193882574932_y.jpg” does not exist

During handling of the above exception, another exception occurred:

Traceback (most recent call last):
  File "C:\Users\User\AppData\Local\Programs\Python\Python313\Lib\site-packages\django\template\base.py", line 883, in _resolve_lookup
    current = current[bit]
              ~~~~~~~^^^^^
TypeError: 'URLResolver' object is not subscriptable

During handling of the above exception, another exception occurred:

Traceback (most recent call last):
  File "C:\Users\User\AppData\Local\Programs\Python\Python313\Lib\site-packages\django\template\base.py", line 893, in _resolve_lookup
    current = getattr(current, bit)
AttributeError: 'URLResolver' object has no attribute 'name'

During handling of the above exception, another exception occurred:

Traceback (most recent call last):
  File "C:\Users\User\AppData\Local\Programs\Python\Python313\Lib\site-packages\django\template\base.py", line 899, in _resolve_lookup
    current = current[int(bit)]
                      ~~~^^^^^
ValueError: invalid literal for int() with base 10: 'name'

During handling of the above exception, another exception occurred:

Traceback (most recent call last):
  File "C:\Users\User\AppData\Local\Programs\Python\Python313\Lib\site-packages\django\template\base.py", line 906, in _resolve_lookup
    raise VariableDoesNotExist(
    ^^^^^^^^^^^^^^^^^^^^^^^^^^^
    ...<2 lines>...
    )  # missing attribute
    ^
django.template.base.VariableDoesNotExist: Failed lookup for key [name] in <URLResolver <module 'core.urls' from 'C:\\Users\\User\\Downloads\\bannedgram-alex (1)\\bannedgram-alex\\banned_gram\\core\\urls.py'> (None:None) 'accounts/'>
Not Found: /media/posts/photo_5271831193882574932_y.jpg
"GET /media/posts/photo_5271831193882574932_y.jpg HTTP/1.1" 404 6550
"GET /media/posts/IMG_1275.JPG HTTP/1.1" 304 0
"GET /media/path/to/image.jpg HTTP/1.1" 304 0
"GET /media/posts/image.png HTTP/1.1" 304 0
File C:\Users\User\Downloads\bannedgram-alex (1)\bannedgram-alex\banned_gram\banned_gram\settings.py previous mtime: 1744671221.1190166, current mtime: 1744671561.5754962
C:\Users\User\Downloads\bannedgram-alex (1)\bannedgram-alex\banned_gram\banned_gram\settings.py notified as changed. Signal results: [(<function template_changed at 0x0000020515A71BC0>, None), (<function translation_file_changed at 0x00000205169DD800>, None)].
C:\Users\User\Downloads\bannedgram-alex (1)\bannedgram-alex\banned_gram\banned_gram\settings.py changed, reloading.
Watching for file changes with StatReloader
Waiting for apps ready_event.
Apps ready_event triggered. Sending autoreload_started signal.
Watching dir C:\Users\User\Downloads\bannedgram-alex (1)\bannedgram-alex\banned_gram\core\templates with glob **/*.
Watching dir C:\Users\User\Downloads\bannedgram-alex (1)\bannedgram-alex\banned_gram\locale with glob **/*.mo.
Watching dir C:\Users\User\Downloads\bannedgram-alex (1)\bannedgram-alex\banned_gram\core\locale with glob **/*.mo.
(0.000) 
            SELECT name, type FROM sqlite_master
            WHERE type in ('table', 'view') AND NOT name='sqlite_sequence'
            ORDER BY name; args=None; alias=default
(0.000) SELECT "django_migrations"."id", "django_migrations"."app", "django_migrations"."name", "django_migrations"."applied" FROM "django_migrations"; args=(); alias=default
File C:\Users\User\AppData\Local\Programs\Python\Python313\Lib\site-packages\django\db\models\utils.py first seen with mtime 1743440448.9187312
File C:\Users\User\AppData\Local\Programs\Python\Python313\DLLs\_queue.pyd first seen with mtime 1738676306.0
File C:\Users\User\AppData\Local\Programs\Python\Python313\Lib\site-packages\django\contrib\admin\templatetags\log.py first seen with mtime 1743440447.521538
File C:\Users\User\AppData\Local\Programs\Python\Python313\Lib\site-packages\django\contrib\staticfiles\utils.py first seen with mtime 1743440448.8288906
File C:\Users\User\AppData\Local\Programs\Python\Python313\Lib\ssl.py first seen with mtime 1738676256.0
File C:\Users\User\AppData\Local\Programs\Python\Python313\Lib\tokenize.py first seen with mtime 1738676256.0
File C:\Users\User\AppData\Local\Programs\Python\Python313\Lib\encodings\__init__.py first seen with mtime 1738676256.0
File C:\Users\User\AppData\Local\Programs\Python\Python313\Lib\contextvars.py first seen with mtime 1738676256.0
File C:\Users\User\AppData\Local\Programs\Python\Python313\Lib\site-packages\django\contrib\admin\helpers.py first seen with mtime 1743440447.2093794
File C:\Users\User\AppData\Local\Programs\Python\Python313\Lib\site-packages\django\contrib\sites\requests.py first seen with mtime 1743440448.6971455
File C:\Users\User\AppData\Local\Programs\Python\Python313\Lib\site-packages\sqlparse\engine\statement_splitter.py first seen with mtime 1743440446.2448235
File C:\Users\User\AppData\Local\Programs\Python\Python313\Lib\site-packages\django\contrib\admin\utils.py first seen with mtime 1743440447.2093794
File C:\Users\User\AppData\Local\Programs\Python\Python313\Lib\site-packages\django\db\backends\base\creation.py first seen with mtime 1743440448.8834572
File C:\Users\User\AppData\Local\Programs\Python\Python313\Lib\site-packages\django\utils\tree.py first seen with mtime 1743440449.0283654
File C:\Users\User\AppData\Local\Programs\Python\Python313\Lib\bisect.py first seen with mtime 1738676256.0
File C:\Users\User\AppData\Local\Programs\Python\Python313\Lib\site-packages\django\forms\boundfield.py first seen with mtime 1743440448.9404974
File C:\Users\User\AppData\Local\Programs\Python\Python313\Lib\site-packages\django\utils\translation\reloader.py first seen with mtime 1743440449.0293684
File C:\Users\User\AppData\Local\Programs\Python\Python313\Lib\site-packages\django\contrib\admin\templatetags\base.py first seen with mtime 1743440447.521538
File C:\Users\User\AppData\Local\Programs\Python\Python313\Lib\calendar.py first seen with mtime 1738676256.0
File C:\Users\User\AppData\Local\Programs\Python\Python313\Lib\signal.py first seen with mtime 1738676256.0
File C:\Users\User\AppData\Local\Programs\Python\Python313\Lib\site-packages\django\template\loaders\cached.py first seen with mtime 1743440448.9976647
File C:\Users\User\AppData\Local\Programs\Python\Python313\Lib\site-packages\django\views\generic\list.py first seen with mtime 1743440449.0411227
File C:\Users\User\AppData\Local\Programs\Python\Python313\Lib\site-packages\django\apps\registry.py first seen with mtime 1743440446.9936962
File C:\Users\User\AppData\Local\Programs\Python\Python313\Lib\logging\config.py first seen with mtime 1738676256.0
File C:\Users\User\AppData\Local\Programs\Python\Python313\Lib\site-packages\django\middleware\security.py first seen with mtime 1743440448.9819305
File C:\Users\User\AppData\Local\Programs\Python\Python313\Lib\copy.py first seen with mtime 1738676256.0
File C:\Users\User\AppData\Local\Programs\Python\Python313\Lib\selectors.py first seen with mtime 1738676256.0
File C:\Users\User\AppData\Local\Programs\Python\Python313\Lib\site-packages\django\utils\crypto.py first seen with mtime 1743440449.013624
File C:\Users\User\AppData\Local\Programs\Python\Python313\Lib\site-packages\django\contrib\messages\apps.py first seen with mtime 1743440448.3334506
File C:\Users\User\AppData\Local\Programs\Python\Python313\Lib\asyncio\protocols.py first seen with mtime 1738676256.0
File C:\Users\User\AppData\Local\Programs\Python\Python313\Lib\site-packages\django\conf\urls\__init__.py first seen with mtime 1743440447.1993103
File C:\Users\User\AppData\Local\Programs\Python\Python313\Lib\json\__init__.py first seen with mtime 1738676256.0
File C:\Users\User\AppData\Local\Programs\Python\Python313\Lib\site-packages\django\db\models\sql\subqueries.py first seen with mtime 1743440448.9367375
File C:\Users\User\AppData\Local\Programs\Python\Python313\Lib\site-packages\django\db\backends\sqlite3\client.py first seen with mtime 1743440448.9049704
File C:\Users\User\AppData\Local\Programs\Python\Python313\Lib\site-packages\sqlparse\formatter.py first seen with mtime 1743440446.2448235
File C:\Users\User\AppData\Local\Programs\Python\Python313\Lib\site-packages\django\forms\forms.py first seen with mtime 1743440448.9404974
File C:\Users\User\AppData\Local\Programs\Python\Python313\Lib\site-packages\django\views\generic\edit.py first seen with mtime 1743440449.0391192
File C:\Users\User\AppData\Local\Programs\Python\Python313\Lib\site-packages\django\utils\log.py first seen with mtime 1743440449.0223558
File C:\Users\User\AppData\Local\Programs\Python\Python313\Lib\site-packages\django\contrib\messages\__init__.py first seen with mtime 1743440448.3334506
File C:\Users\User\AppData\Local\Programs\Python\Python313\Lib\site-packages\django\db\models\signals.py first seen with mtime 1743440448.9187312
File C:\Users\User\AppData\Local\Programs\Python\Python313\Lib\ipaddress.py first seen with mtime 1738676256.0
File C:\Users\User\AppData\Local\Programs\Python\Python313\Lib\asyncio\coroutines.py first seen with mtime 1738676256.0
File C:\Users\User\AppData\Local\Programs\Python\Python313\Lib\asyncio\streams.py first seen with mtime 1738676256.0
File C:\Users\User\AppData\Local\Programs\Python\Python313\Lib\site-packages\django\utils\encoding.py first seen with mtime 1743440449.0159688
File C:\Users\User\AppData\Local\Programs\Python\Python313\Lib\site-packages\django\templatetags\cache.py first seen with mtime 1743440448.9976647
File C:\Users\User\AppData\Local\Programs\Python\Python313\Lib\site-packages\django\db\models\query.py first seen with mtime 1743440448.9187312
File C:\Users\User\AppData\Local\Programs\Python\Python313\Lib\site-packages\django\db\models\enums.py first seen with mtime 1743440448.9187312
File C:\Users\User\AppData\Local\Programs\Python\Python313\Lib\site-packages\django\utils\termcolors.py first seen with mtime 1743440449.0263627
File C:\Users\User\AppData\Local\Programs\Python\Python313\Lib\site-packages\django\contrib\admin\exceptions.py first seen with mtime 1743440447.2093794
File C:\Users\User\AppData\Local\Programs\Python\Python313\Lib\site-packages\sqlparse\filters\__init__.py first seen with mtime 1743440446.2448235
File C:\Users\User\AppData\Local\Programs\Python\Python313\Lib\site-packages\django\contrib\contenttypes\fields.py first seen with mtime 1743440447.8111339
File C:\Users\User\AppData\Local\Programs\Python\Python313\Lib\site-packages\django\views\csrf.py first seen with mtime 1743440449.0313716
File C:\Users\User\AppData\Local\Programs\Python\Python313\Lib\site-packages\django\template\exceptions.py first seen with mtime 1743440448.9819305
File C:\Users\User\AppData\Local\Programs\Python\Python313\Lib\email\errors.py first seen with mtime 1738676256.0
File C:\Users\User\AppData\Local\Programs\Python\Python313\Lib\site-packages\sqlparse\filters\reindent.py first seen with mtime 1743440446.2448235
File C:\Users\User\AppData\Local\Programs\Python\Python313\Lib\site-packages\django\core\checks\files.py first seen with mtime 1743440448.8419125
File C:\Users\User\AppData\Local\Programs\Python\Python313\Lib\asyncio\windows_events.py first seen with mtime 1738676256.0
File C:\Users\User\AppData\Local\Programs\Python\Python313\Lib\site-packages\django\db\backends\sqlite3\_functions.py first seen with mtime 1743440448.9029677
File C:\Users\User\AppData\Local\Programs\Python\Python313\Lib\site-packages\django\views\decorators\cache.py first seen with mtime 1743440449.0333745
File C:\Users\User\AppData\Local\Programs\Python\Python313\Lib\socketserver.py first seen with mtime 1738676256.0
File C:\Users\User\AppData\Local\Programs\Python\Python313\Lib\argparse.py first seen with mtime 1738676256.0
File C:\Users\User\Downloads\bannedgram-alex (1)\bannedgram-alex\banned_gram\core\apps.py first seen with mtime 1744670908.0229876
File C:\Users\User\AppData\Local\Programs\Python\Python313\Lib\site-packages\django\utils\ipv6.py first seen with mtime 1743440449.0223558
File C:\Users\User\AppData\Local\Programs\Python\Python313\Lib\site-packages\django\core\__init__.py first seen with mtime 1743440448.832897
File C:\Users\User\AppData\Local\Programs\Python\Python313\DLLs\_socket.pyd first seen with mtime 1738676306.0
File C:\Users\User\AppData\Local\Programs\Python\Python313\Lib\site-packages\django\core\handlers\exception.py first seen with mtime 1743440448.855675
File C:\Users\User\AppData\Local\Programs\Python\Python313\Lib\enum.py first seen with mtime 1738676256.0
File C:\Users\User\AppData\Local\Programs\Python\Python313\Lib\asyncio\events.py first seen with mtime 1738676256.0
File C:\Users\User\AppData\Local\Programs\Python\Python313\Lib\site-packages\django\contrib\admin\actions.py first seen with mtime 1743440447.1993103
File C:\Users\User\AppData\Local\Programs\Python\Python313\Lib\site-packages\django\template\autoreload.py first seen with mtime 1743440448.9819305
File C:\Users\User\AppData\Local\Programs\Python\Python313\Lib\importlib\__init__.py first seen with mtime 1738676256.0
File C:\Users\User\AppData\Local\Programs\Python\Python313\Lib\site-packages\django\contrib\sessions\apps.py first seen with mtime 1743440448.555061
File C:\Users\User\AppData\Local\Programs\Python\Python313\Lib\site-packages\django\contrib\contenttypes\models.py first seen with mtime 1743440447.8111339
File C:\Users\User\AppData\Local\Programs\Python\Python313\Lib\site-packages\django\core\mail\utils.py first seen with mtime 1743440448.8576782
File C:\Users\User\AppData\Local\Programs\Python\Python313\Lib\site-packages\django\contrib\auth\forms.py first seen with mtime 1743440447.6752112
File C:\Users\User\AppData\Local\Programs\Python\Python313\Lib\site-packages\django\http\multipartparser.py first seen with mtime 1743440448.9819305
File C:\Users\User\AppData\Local\Programs\Python\Python313\Lib\heapq.py first seen with mtime 1738676256.0
File C:\Users\User\AppData\Local\Programs\Python\Python313\Lib\site-packages\django\core\files\storage\base.py first seen with mtime 1743440448.8519268
File C:\Users\User\AppData\Local\Programs\Python\Python313\Lib\getpass.py first seen with mtime 1738676256.0
File C:\Users\User\AppData\Local\Programs\Python\Python313\Lib\reprlib.py first seen with mtime 1738676256.0
File C:\Users\User\AppData\Local\Programs\Python\Python313\Lib\ast.py first seen with mtime 1738676256.0
File C:\Users\User\AppData\Local\Programs\Python\Python313\Lib\email\_policybase.py first seen with mtime 1738676256.0
File C:\Users\User\AppData\Local\Programs\Python\Python313\Lib\email\mime\multipart.py first seen with mtime 1738676256.0
File C:\Users\User\AppData\Local\Programs\Python\Python313\Lib\site-packages\django\db\migrations\state.py first seen with mtime 1743440448.912981
File C:\Users\User\AppData\Local\Programs\Python\Python313\Lib\site-packages\django\contrib\staticfiles\finders.py first seen with mtime 1743440448.825884
File C:\Users\User\AppData\Local\Programs\Python\Python313\Lib\site-packages\django\contrib\messages\utils.py first seen with mtime 1743440448.3334506
File C:\Users\User\AppData\Local\Programs\Python\Python313\Lib\opcode.py first seen with mtime 1738676256.0
File C:\Users\User\AppData\Local\Programs\Python\Python313\Lib\gettext.py first seen with mtime 1738676256.0
File C:\Users\User\AppData\Local\Programs\Python\Python313\Lib\site-packages\django\db\models\functions\text.py first seen with mtime 1743440448.9332192
File C:\Users\User\AppData\Local\Programs\Python\Python313\Lib\asyncio\log.py first seen with mtime 1738676256.0
File C:\Users\User\AppData\Local\Programs\Python\Python313\Lib\site-packages\django\contrib\contenttypes\views.py first seen with mtime 1743440447.8111339
File C:\Users\User\AppData\Local\Programs\Python\Python313\Lib\site-packages\django\utils\deprecation.py first seen with mtime 1743440449.0159688
File C:\Users\User\AppData\Local\Programs\Python\Python313\Lib\site-packages\django\db\models\indexes.py first seen with mtime 1743440448.9187312
File C:\Users\User\AppData\Local\Programs\Python\Python313\Lib\functools.py first seen with mtime 1738676256.0
File C:\Users\User\AppData\Local\Programs\Python\Python313\Lib\site-packages\django\contrib\auth\management\__init__.py first seen with mtime 1743440447.795075
File C:\Users\User\AppData\Local\Programs\Python\Python313\Lib\site-packages\django\views\i18n.py first seen with mtime 1743440449.0333745
File C:\Users\User\AppData\Local\Programs\Python\Python313\Lib\contextlib.py first seen with mtime 1738676256.0
File C:\Users\User\AppData\Local\Programs\Python\Python313\Lib\site-packages\django\core\management\color.py first seen with mtime 1743440448.861684
File C:\Users\User\AppData\Local\Programs\Python\Python313\Lib\site-packages\django\core\validators.py first seen with mtime 1743440448.8348997
File C:\Users\User\AppData\Local\Programs\Python\Python313\Lib\lzma.py first seen with mtime 1738676256.0
File C:\Users\User\AppData\Local\Programs\Python\Python313\Lib\site-packages\django\contrib\sessions\middleware.py first seen with mtime 1743440448.555061
File C:\Users\User\AppData\Local\Programs\Python\Python313\Lib\site-packages\django\core\files\storage\handler.py first seen with mtime 1743440448.8519268
File C:\Users\User\AppData\Local\Programs\Python\Python313\Lib\site-packages\django\db\models\functions\__init__.py first seen with mtime 1743440448.93121
File C:\Users\User\AppData\Local\Programs\Python\Python313\Lib\email\mime\__init__.py first seen with mtime 1738676256.0
File C:\Users\User\AppData\Local\Programs\Python\Python313\Lib\site-packages\django\utils\asyncio.py first seen with mtime 1743440449.002774
File C:\Users\User\AppData\Local\Programs\Python\Python313\Lib\site-packages\django\core\mail\message.py first seen with mtime 1743440448.8576782
File C:\Users\User\AppData\Local\Programs\Python\Python313\Lib\site-packages\sqlparse\filters\aligned_indent.py first seen with mtime 1743440446.2448235
File C:\Users\User\AppData\Local\Programs\Python\Python313\Lib\site-packages\django\template\loaders\filesystem.py first seen with mtime 1743440448.9976647
File C:\Users\User\AppData\Local\Programs\Python\Python313\Lib\shutil.py first seen with mtime 1738676256.0
File C:\Users\User\AppData\Local\Programs\Python\Python313\Lib\_colorize.py first seen with mtime 1738676256.0
File C:\Users\User\AppData\Local\Programs\Python\Python313\Lib\email\mime\message.py first seen with mtime 1738676256.0
File C:\Users\User\AppData\Local\Programs\Python\Python313\Lib\site-packages\django\core\files\storage\__init__.py first seen with mtime 1743440448.8519268
File C:\Users\User\AppData\Local\Programs\Python\Python313\Lib\pickle.py first seen with mtime 1738676256.0
File C:\Users\User\AppData\Local\Programs\Python\Python313\Lib\_compression.py first seen with mtime 1738676256.0
File C:\Users\User\AppData\Local\Programs\Python\Python313\Lib\site-packages\django\__init__.py first seen with mtime 1743440446.9936962
File C:\Users\User\AppData\Local\Programs\Python\Python313\Lib\site-packages\django\core\serializers\base.py first seen with mtime 1743440448.8754468
File C:\Users\User\AppData\Local\Programs\Python\Python313\Lib\site-packages\django\contrib\messages\storage\base.py first seen with mtime 1743440448.3334506
File C:\Users\User\AppData\Local\Programs\Python\Python313\Lib\site-packages\django\urls\utils.py first seen with mtime 1743440449.002774
File C:\Users\User\AppData\Local\Programs\Python\Python313\Lib\site-packages\sqlparse\engine\filter_stack.py first seen with mtime 1743440446.2448235
File C:\Users\User\AppData\Local\Programs\Python\Python313\Lib\site-packages\django\utils\translation\__init__.py first seen with mtime 1743440449.0293684
File C:\Users\User\AppData\Local\Programs\Python\Python313\Lib\site-packages\django\core\handlers\asgi.py first seen with mtime 1743440448.8539298
File C:\Users\User\AppData\Local\Programs\Python\Python313\Lib\site-packages\django\db\models\options.py first seen with mtime 1743440448.9187312
File C:\Users\User\AppData\Local\Programs\Python\Python313\Lib\site-packages\django\db\models\fields\json.py first seen with mtime 1743440448.926181
File C:\Users\User\AppData\Local\Programs\Python\Python313\Lib\site-packages\django\core\files\uploadhandler.py first seen with mtime 1743440448.8499236
File C:\Users\User\AppData\Local\Programs\Python\Python313\Lib\site-packages\sqlparse\engine\grouping.py first seen with mtime 1743440446.2448235
File C:\Users\User\AppData\Local\Programs\Python\Python313\Lib\site-packages\django\contrib\auth\tokens.py first seen with mtime 1743440447.6794112
File C:\Users\User\AppData\Local\Programs\Python\Python313\Lib\site-packages\django\views\defaults.py first seen with mtime 1743440449.0333745
File C:\Users\User\AppData\Local\Programs\Python\Python313\Lib\site-packages\django\contrib\contenttypes\apps.py first seen with mtime 1743440447.8111339
File C:\Users\User\AppData\Local\Programs\Python\Python313\Lib\asyncio\transports.py first seen with mtime 1738676256.0
File C:\Users\User\AppData\Local\Programs\Python\Python313\Lib\site-packages\django\db\models\aggregates.py first seen with mtime 1743440448.9169874
File C:\Users\User\AppData\Local\Programs\Python\Python313\Lib\site-packages\django\contrib\sites\shortcuts.py first seen with mtime 1743440448.6971455
File C:\Users\User\AppData\Local\Programs\Python\Python313\Lib\platform.py first seen with mtime 1738676256.0
File C:\Users\User\AppData\Local\Programs\Python\Python313\Lib\site-packages\django\db\models\expressions.py first seen with mtime 1743440448.9187312
File C:\Users\User\AppData\Local\Programs\Python\Python313\Lib\site-packages\django\db\models\fields\related_descriptors.py first seen with mtime 1743440448.9292011
File C:\Users\User\AppData\Local\Programs\Python\Python313\DLLs\_ssl.pyd first seen with mtime 1738676306.0
File C:\Users\User\AppData\Local\Programs\Python\Python313\Lib\site-packages\django\utils\dateformat.py first seen with mtime 1743440449.013624
File C:\Users\User\AppData\Local\Programs\Python\Python313\Lib\datetime.py first seen with mtime 1738676256.0
File C:\Users\User\AppData\Local\Programs\Python\Python313\Lib\logging\__init__.py first seen with mtime 1738676256.0
File C:\Users\User\AppData\Local\Programs\Python\Python313\Lib\site-packages\django\contrib\contenttypes\admin.py first seen with mtime 1743440447.8111339
File C:\Users\User\AppData\Local\Programs\Python\Python313\Lib\site-packages\asgiref\__init__.py first seen with mtime 1743440446.7861059
File C:\Users\User\AppData\Local\Programs\Python\Python313\Lib\importlib\_abc.py first seen with mtime 1738676256.0
File C:\Users\User\AppData\Local\Programs\Python\Python313\Lib\email\headerregistry.py first seen with mtime 1738676256.0
File C:\Users\User\AppData\Local\Programs\Python\Python313\Lib\site-packages\sqlparse\cli.py first seen with mtime 1743440446.2448235
File C:\Users\User\AppData\Local\Programs\Python\Python313\Lib\site-packages\django\db\backends\base\validation.py first seen with mtime 1743440448.8872044
File C:\Users\User\AppData\Local\Programs\Python\Python313\Lib\site-packages\django\template\engine.py first seen with mtime 1743440448.9819305
File C:\Users\User\AppData\Local\Programs\Python\Python313\Lib\site-packages\django\forms\formsets.py first seen with mtime 1743440448.9425058
File C:\Users\User\AppData\Local\Programs\Python\Python313\Lib\multiprocessing\context.py first seen with mtime 1738676256.0
File C:\Users\User\AppData\Local\Programs\Python\Python313\Lib\site-packages\django\db\backends\sqlite3\creation.py first seen with mtime 1743440448.9049704
File C:\Users\User\AppData\Local\Programs\Python\Python313\Lib\site-packages\django\db\models\fields\mixins.py first seen with mtime 1743440448.928191
File C:\Users\User\AppData\Local\Programs\Python\Python313\Lib\site-packages\django\db\models\lookups.py first seen with mtime 1743440448.9187312
File C:\Users\User\AppData\Local\Programs\Python\Python313\Lib\asyncio\subprocess.py first seen with mtime 1738676256.0
File C:\Users\User\AppData\Local\Programs\Python\Python313\Lib\site-packages\django\urls\conf.py first seen with mtime 1743440449.002774
File C:\Users\User\AppData\Local\Programs\Python\Python313\Lib\site-packages\django\utils\dateparse.py first seen with mtime 1743440449.0159688
File C:\Users\User\AppData\Local\Programs\Python\Python313\Lib\re\_casefix.py first seen with mtime 1738676256.0
File C:\Users\User\AppData\Local\Programs\Python\Python313\Lib\html\parser.py first seen with mtime 1738676256.0
File C:\Users\User\AppData\Local\Programs\Python\Python313\Lib\site-packages\django\utils\decorators.py first seen with mtime 1743440449.0159688
File C:\Users\User\AppData\Local\Programs\Python\Python313\Lib\wsgiref\__init__.py first seen with mtime 1738676256.0
File C:\Users\User\AppData\Local\Programs\Python\Python313\Lib\site-packages\django\db\migrations\operations\fields.py first seen with mtime 1743440448.9149845
File C:\Users\User\AppData\Local\Programs\Python\Python313\Lib\site-packages\sqlparse\filters\right_margin.py first seen with mtime 1743440446.2448235
File C:\Users\User\AppData\Local\Programs\Python\Python313\Lib\site-packages\django\core\checks\caches.py first seen with mtime 1743440448.8419125
File C:\Users\User\AppData\Local\Programs\Python\Python313\Lib\site-packages\django\templatetags\static.py first seen with mtime 1743440448.9976647
File C:\Users\User\Downloads\bannedgram-alex (1)\bannedgram-alex\banned_gram\banned_gram\__init__.py first seen with mtime 1744670907.929472
File C:\Users\User\AppData\Local\Programs\Python\Python313\Lib\string.py first seen with mtime 1738676256.0
File C:\Users\User\AppData\Local\Programs\Python\Python313\Lib\asyncio\selector_events.py first seen with mtime 1738676256.0
File C:\Users\User\AppData\Local\Programs\Python\Python313\Lib\site-packages\sqlparse\__init__.py first seen with mtime 1743440446.2448235
File C:\Users\User\AppData\Local\Programs\Python\Python313\Lib\site-packages\django\shortcuts.py first seen with mtime 1743440446.9936962
File C:\Users\User\AppData\Local\Programs\Python\Python313\Lib\site-packages\django\contrib\staticfiles\handlers.py first seen with mtime 1743440448.825884
File C:\Users\User\AppData\Local\Programs\Python\Python313\Lib\logging\handlers.py first seen with mtime 1738676256.0
File C:\Users\User\AppData\Local\Programs\Python\Python313\Lib\email\mime\nonmultipart.py first seen with mtime 1738676256.0
File C:\Users\User\AppData\Local\Programs\Python\Python313\Lib\site-packages\django\contrib\admin\templatetags\admin_list.py first seen with mtime 1743440447.5195336
File C:\Users\User\AppData\Local\Programs\Python\Python313\Lib\ctypes\_endian.py first seen with mtime 1738676256.0
File C:\Users\User\AppData\Local\Programs\Python\Python313\Lib\site-packages\django\core\signing.py first seen with mtime 1743440448.8348997
File C:\Users\User\AppData\Local\Programs\Python\Python313\Lib\urllib\request.py first seen with mtime 1738676256.0
File C:\Users\User\AppData\Local\Programs\Python\Python313\Lib\urllib\parse.py first seen with mtime 1738676256.0
File C:\Users\User\AppData\Local\Programs\Python\Python313\Lib\asyncio\mixins.py first seen with mtime 1738676256.0
File C:\Users\User\AppData\Local\Programs\Python\Python313\Lib\site-packages\django\db\migrations\operations\base.py first seen with mtime 1743440448.9149845
File C:\Users\User\AppData\Local\Programs\Python\Python313\Lib\asyncio\trsock.py first seen with mtime 1738676256.0
File C:\Users\User\AppData\Local\Programs\Python\Python313\Lib\site-packages\django\core\files\move.py first seen with mtime 1743440448.8499236
File C:\Users\User\AppData\Local\Programs\Python\Python313\Lib\site-packages\sqlparse\utils.py first seen with mtime 1743440446.2448235
File C:\Users\User\AppData\Local\Programs\Python\Python313\Lib\sqlite3\__init__.py first seen with mtime 1738676256.0
File C:\Users\User\AppData\Local\Programs\Python\Python313\Lib\difflib.py first seen with mtime 1738676256.0
File C:\Users\User\AppData\Local\Programs\Python\Python313\Lib\asyncio\exceptions.py first seen with mtime 1738676256.0
File C:\Users\User\AppData\Local\Programs\Python\Python313\Lib\site-packages\django\views\decorators\csrf.py first seen with mtime 1743440449.0333745
File C:\Users\User\AppData\Local\Programs\Python\Python313\Lib\site-packages\django\core\management\commands\runserver.py first seen with mtime 1743440448.8694377
File C:\Users\User\AppData\Local\Programs\Python\Python313\Lib\glob.py first seen with mtime 1738676256.0
File C:\Users\User\AppData\Local\Programs\Python\Python313\Lib\sqlite3\dbapi2.py first seen with mtime 1738676256.0
File C:\Users\User\AppData\Local\Programs\Python\Python313\Lib\site-packages\django\db\migrations\operations\__init__.py first seen with mtime 1743440448.9149845
File C:\Users\User\AppData\Local\Programs\Python\Python313\Lib\dataclasses.py first seen with mtime 1738676256.0
File C:\Users\User\AppData\Local\Programs\Python\Python313\Lib\site-packages\django\core\checks\security\sessions.py first seen with mtime 1743440448.847921
File C:\Users\User\AppData\Local\Programs\Python\Python313\Lib\site-packages\django\utils\text.py first seen with mtime 1743440449.0263627
File C:\Users\User\AppData\Local\Programs\Python\Python313\Lib\base64.py first seen with mtime 1738676256.0
File C:\Users\User\AppData\Local\Programs\Python\Python313\Lib\site-packages\django\db\__init__.py first seen with mtime 1743440448.8794518
File C:\Users\User\AppData\Local\Programs\Python\Python313\Lib\site-packages\django\contrib\admin\__init__.py first seen with mtime 1743440447.1993103
File C:\Users\User\AppData\Local\Programs\Python\Python313\Lib\site-packages\django\urls\base.py first seen with mtime 1743440449.002774
File C:\Users\User\AppData\Local\Programs\Python\Python313\Lib\asyncio\base_futures.py first seen with mtime 1738676256.0
File C:\Users\User\AppData\Local\Programs\Python\Python313\Lib\site-packages\django\core\handlers\wsgi.py first seen with mtime 1743440448.855675
File C:\Users\User\AppData\Local\Programs\Python\Python313\Lib\site-packages\django\core\serializers\__init__.py first seen with mtime 1743440448.8754468
File C:\Users\User\AppData\Local\Programs\Python\Python313\Lib\site-packages\django\db\models\functions\math.py first seen with mtime 1743440448.9332192
File C:\Users\User\AppData\Local\Programs\Python\Python313\Lib\site-packages\django\core\checks\registry.py first seen with mtime 1743440448.8439157
File C:\Users\User\AppData\Local\Programs\Python\Python313\Lib\weakref.py first seen with mtime 1738676256.0
File C:\Users\User\AppData\Local\Programs\Python\Python313\Lib\site-packages\sqlparse\sql.py first seen with mtime 1743440446.2448235
File C:\Users\User\AppData\Local\Programs\Python\Python313\Lib\site-packages\django\contrib\auth\admin.py first seen with mtime 1743440447.6679766
File C:\Users\User\AppData\Local\Programs\Python\Python313\Lib\encodings\aliases.py first seen with mtime 1738676256.0
File C:\Users\User\AppData\Local\Programs\Python\Python313\Lib\locale.py first seen with mtime 1738676256.0
File C:\Users\User\AppData\Local\Programs\Python\Python313\Lib\site-packages\django\db\backends\base\client.py first seen with mtime 1743440448.8834572
File C:\Users\User\AppData\Local\Programs\Python\Python313\Lib\site-packages\django\template\response.py first seen with mtime 1743440448.9819305
File C:\Users\User\AppData\Local\Programs\Python\Python313\Lib\statistics.py first seen with mtime 1738676256.0
File C:\Users\User\AppData\Local\Programs\Python\Python313\Lib\dis.py first seen with mtime 1738676256.0
File C:\Users\User\AppData\Local\Programs\Python\Python313\Lib\site-packages\django\db\models\functions\datetime.py first seen with mtime 1743440448.93121
File C:\Users\User\AppData\Local\Programs\Python\Python313\Lib\json\encoder.py first seen with mtime 1738676256.0
File C:\Users\User\AppData\Local\Programs\Python\Python313\Lib\wsgiref\handlers.py first seen with mtime 1738676256.0
File C:\Users\User\AppData\Local\Programs\Python\Python313\Lib\site-packages\django\conf\global_settings.py first seen with mtime 1743440446.9936962
File C:\Users\User\AppData\Local\Programs\Python\Python313\Lib\site-packages\django\db\models\fields\generated.py first seen with mtime 1743440448.926181
File C:\Users\User\AppData\Local\Programs\Python\Python313\Lib\urllib\__init__.py first seen with mtime 1738676256.0
File C:\Users\User\AppData\Local\Programs\Python\Python313\Lib\asyncio\threads.py first seen with mtime 1738676256.0
File C:\Users\User\AppData\Local\Programs\Python\Python313\Lib\site-packages\django\core\files\base.py first seen with mtime 1743440448.847921
File C:\Users\User\AppData\Local\Programs\Python\Python313\Lib\site-packages\django\views\decorators\http.py first seen with mtime 1743440449.0371156
File C:\Users\User\AppData\Local\Programs\Python\Python313\Lib\asyncio\windows_utils.py first seen with mtime 1738676256.0
File C:\Users\User\AppData\Local\Programs\Python\Python313\Lib\site-packages\django\db\models\fields\__init__.py first seen with mtime 1743440448.926181
File C:\Users\User\AppData\Local\Programs\Python\Python313\Lib\site-packages\django\contrib\admin\apps.py first seen with mtime 1743440447.2093794
File C:\Users\User\AppData\Local\Programs\Python\Python313\Lib\multiprocessing\__init__.py first seen with mtime 1738676256.0
File C:\Users\User\AppData\Local\Programs\Python\Python313\Lib\urllib\response.py first seen with mtime 1738676256.0
File C:\Users\User\AppData\Local\Programs\Python\Python313\Lib\site-packages\django\core\files\storage\filesystem.py first seen with mtime 1743440448.8519268
File C:\Users\User\AppData\Local\Programs\Python\Python313\Lib\multiprocessing\process.py first seen with mtime 1738676256.0
File C:\Users\User\AppData\Local\Programs\Python\Python313\Lib\site-packages\django\contrib\auth\backends.py first seen with mtime 1743440447.6679766
File C:\Users\User\AppData\Local\Programs\Python\Python313\Lib\site-packages\django\contrib\admin\models.py first seen with mtime 1743440447.2093794
File C:\Users\User\AppData\Local\Programs\Python\Python313\Lib\site-packages\django\utils\safestring.py first seen with mtime 1743440449.0243595
File C:\Users\User\AppData\Local\Programs\Python\Python313\Lib\site-packages\django\template\loader_tags.py first seen with mtime 1743440448.9819305
File C:\Users\User\AppData\Local\Programs\Python\Python313\Lib\random.py first seen with mtime 1738676256.0
File C:\Users\User\AppData\Local\Programs\Python\Python313\Lib\site-packages\django\contrib\admin\decorators.py first seen with mtime 1743440447.2093794
File C:\Users\User\AppData\Local\Programs\Python\Python313\Lib\numbers.py first seen with mtime 1738676256.0
File C:\Users\User\AppData\Local\Programs\Python\Python313\Lib\site-packages\django\core\files\locks.py first seen with mtime 1743440448.847921
File C:\Users\User\AppData\Local\Programs\Python\Python313\Lib\pprint.py first seen with mtime 1738676256.0
File C:\Users\User\AppData\Local\Programs\Python\Python313\Lib\hmac.py first seen with mtime 1738676256.0
File C:\Users\User\AppData\Local\Programs\Python\Python313\Lib\bz2.py first seen with mtime 1738676256.0
File C:\Users\User\AppData\Local\Programs\Python\Python313\Lib\site-packages\django\utils\deconstruct.py first seen with mtime 1743440449.0159688
File C:\Users\User\AppData\Local\Programs\Python\Python313\Lib\mimetypes.py first seen with mtime 1738676256.0
File C:\Users\User\AppData\Local\Programs\Python\Python313\Lib\socket.py first seen with mtime 1738676256.0
File C:\Users\User\AppData\Local\Programs\Python\Python313\Lib\pathlib\__init__.py first seen with mtime 1738676256.0
File C:\Users\User\AppData\Local\Programs\Python\Python313\Lib\site-packages\django\contrib\staticfiles\management\commands\__init__.py first seen with mtime 1743440448.8288906
File C:\Users\User\AppData\Local\Programs\Python\Python313\Lib\site-packages\django\contrib\admin\sites.py first seen with mtime 1743440447.2093794
File C:\Users\User\AppData\Local\Programs\Python\Python313\Lib\site-packages\django\template\loaders\__init__.py first seen with mtime 1743440448.9819305
File C:\Users\User\AppData\Local\Programs\Python\Python313\Lib\warnings.py first seen with mtime 1738676256.0
File C:\Users\User\AppData\Local\Programs\Python\Python313\Lib\site-packages\django\template\smartif.py first seen with mtime 1743440448.9819305
File C:\Users\User\AppData\Local\Programs\Python\Python313\DLLs\_sqlite3.pyd first seen with mtime 1738676306.0
File C:\Users\User\Downloads\bannedgram-alex (1)\bannedgram-alex\banned_gram\core\models.py first seen with mtime 1744670908.066122
File C:\Users\User\AppData\Local\Programs\Python\Python313\Lib\site-packages\django\template\defaultfilters.py first seen with mtime 1743440448.9819305
File C:\Users\User\AppData\Local\Programs\Python\Python313\Lib\site-packages\django\views\__init__.py first seen with mtime 1743440449.0313716
File C:\Users\User\AppData\Local\Programs\Python\Python313\Lib\site-packages\sqlparse\tokens.py first seen with mtime 1743440446.2448235
File C:\Users\User\AppData\Local\Programs\Python\Python313\Lib\site-packages\django\template\backends\base.py first seen with mtime 1743440448.9819305
File C:\Users\User\AppData\Local\Programs\Python\Python313\Lib\site-packages\django\db\models\fields\proxy.py first seen with mtime 1743440448.928191
File C:\Users\User\AppData\Local\Programs\Python\Python313\Lib\site-packages\django\db\models\sql\datastructures.py first seen with mtime 1743440448.934728
File C:\Users\User\AppData\Local\Programs\Python\Python313\Lib\site-packages\django\core\cache\backends\base.py first seen with mtime 1743440448.8369029
File C:\Users\User\AppData\Local\Programs\Python\Python313\Lib\site-packages\asgiref\sync.py first seen with mtime 1743440446.7881093
File C:\Users\User\AppData\Local\Programs\Python\Python313\Lib\site-packages\django\db\backends\sqlite3\base.py first seen with mtime 1743440448.9029677
File C:\Users\User\AppData\Local\Programs\Python\Python313\Lib\asyncio\timeouts.py first seen with mtime 1738676256.0
File C:\Users\User\AppData\Local\Programs\Python\Python313\Lib\collections\__init__.py first seen with mtime 1738676256.0
File C:\Users\User\AppData\Local\Programs\Python\Python313\Lib\site-packages\django\middleware\http.py first seen with mtime 1743440448.9819305
File C:\Users\User\AppData\Local\Programs\Python\Python313\Lib\token.py first seen with mtime 1738676256.0
File C:\Users\User\AppData\Local\Programs\Python\Python313\Lib\_compat_pickle.py first seen with mtime 1738676256.0
File C:\Users\User\AppData\Local\Programs\Python\Python313\Lib\http\server.py first seen with mtime 1738676256.0
File C:\Users\User\AppData\Local\Programs\Python\Python313\DLLs\_ctypes.pyd first seen with mtime 1738676306.0
File C:\Users\User\AppData\Local\Programs\Python\Python313\Lib\tempfile.py first seen with mtime 1738676256.0
File C:\Users\User\AppData\Local\Programs\Python\Python313\Lib\site-packages\django\contrib\admin\templatetags\__init__.py first seen with mtime 1743440447.5195336
File C:\Users\User\AppData\Local\Programs\Python\Python313\Lib\site-packages\django\contrib\sites\__init__.py first seen with mtime 1743440448.6971455
File C:\Users\User\AppData\Local\Programs\Python\Python313\Lib\site-packages\django\core\checks\async_checks.py first seen with mtime 1743440448.8399093
File C:\Users\User\AppData\Local\Programs\Python\Python313\Lib\site-packages\django\core\exceptions.py first seen with mtime 1743440448.832897
File C:\Users\User\AppData\Local\Programs\Python\Python313\Lib\site-packages\django\core\files\utils.py first seen with mtime 1743440448.8519268
File C:\Users\User\AppData\Local\Programs\Python\Python313\Lib\site-packages\django\middleware\cache.py first seen with mtime 1743440448.9819305
File C:\Users\User\AppData\Local\Programs\Python\Python313\DLLs\_decimal.pyd first seen with mtime 1738676306.0
File C:\Users\User\AppData\Local\Programs\Python\Python313\Lib\site-packages\django\contrib\__init__.py first seen with mtime 1743440447.1993103
File C:\Users\User\AppData\Local\Programs\Python\Python313\DLLs\_uuid.pyd first seen with mtime 1738676306.0
File C:\Users\User\AppData\Local\Programs\Python\Python313\Lib\site-packages\django\core\cache\backends\locmem.py first seen with mtime 1743440448.8389058
File C:\Users\User\AppData\Local\Programs\Python\Python313\Lib\site-packages\django\views\debug.py first seen with mtime 1743440449.0333745
File C:\Users\User\AppData\Local\Programs\Python\Python313\Lib\re\_compiler.py first seen with mtime 1738676256.0
File C:\Users\User\AppData\Local\Programs\Python\Python313\Lib\http\__init__.py first seen with mtime 1738676256.0
File C:\Users\User\AppData\Local\Programs\Python\Python313\Lib\site-packages\django\core\servers\__init__.py first seen with mtime 1743440448.8794518
File C:\Users\User\AppData\Local\Programs\Python\Python313\Lib\concurrent\futures\__init__.py first seen with mtime 1738676256.0
File C:\Users\User\AppData\Local\Programs\Python\Python313\Lib\site-packages\django\db\backends\base\__init__.py first seen with mtime 1743440448.8834572
File C:\Users\User\AppData\Local\Programs\Python\Python313\Lib\site-packages\django\contrib\admin\filters.py first seen with mtime 1743440447.2093794
File C:\Users\User\AppData\Local\Programs\Python\Python313\Lib\site-packages\django\db\migrations\operations\models.py first seen with mtime 1743440448.9149845
File C:\Users\User\AppData\Local\Programs\Python\Python313\Lib\site-packages\django\db\migrations\operations\special.py first seen with mtime 1743440448.9149845
File C:\Users\User\AppData\Local\Programs\Python\Python313\DLLs\_zoneinfo.pyd first seen with mtime 1738676306.0
File C:\Users\User\AppData\Local\Programs\Python\Python313\Lib\json\scanner.py first seen with mtime 1738676256.0
File C:\Users\User\AppData\Local\Programs\Python\Python313\Lib\site-packages\django\template\base.py first seen with mtime 1743440448.9819305
File C:\Users\User\AppData\Local\Programs\Python\Python313\Lib\wsgiref\headers.py first seen with mtime 1738676256.0
File C:\Users\User\AppData\Local\Programs\Python\Python313\Lib\site-packages\django\contrib\admin\checks.py first seen with mtime 1743440447.2093794
File C:\Users\User\AppData\Local\Programs\Python\Python313\Lib\site-packages\django\core\checks\compatibility\__init__.py first seen with mtime 1743440448.8459184
File C:\Users\User\AppData\Local\Programs\Python\Python313\Lib\email\iterators.py first seen with mtime 1738676256.0
File C:\Users\User\AppData\Local\Programs\Python\Python313\Lib\site-packages\django\core\checks\__init__.py first seen with mtime 1743440448.8399093
File C:\Users\User\AppData\Local\Programs\Python\Python313\Lib\operator.py first seen with mtime 1738676256.0
File C:\Users\User\AppData\Local\Programs\Python\Python313\Lib\site-packages\django\contrib\auth\validators.py first seen with mtime 1743440447.6794112
File C:\Users\User\AppData\Local\Programs\Python\Python313\Lib\site-packages\django\db\migrations\exceptions.py first seen with mtime 1743440448.908976
File C:\Users\User\AppData\Local\Programs\Python\Python313\Lib\site-packages\django\views\generic\base.py first seen with mtime 1743440449.0391192
File C:\Users\User\AppData\Local\Programs\Python\Python313\Lib\site-packages\django\contrib\messages\constants.py first seen with mtime 1743440448.3334506
File C:\Users\User\AppData\Local\Programs\Python\Python313\Lib\site-packages\django\contrib\auth\urls.py first seen with mtime 1743440447.6794112
File C:\Users\User\AppData\Local\Programs\Python\Python313\Lib\site-packages\django\core\checks\templates.py first seen with mtime 1743440448.8439157
File C:\Users\User\AppData\Local\Programs\Python\Python313\Lib\site-packages\django\apps\config.py first seen with mtime 1743440446.9936962
File C:\Users\User\AppData\Local\Programs\Python\Python313\Lib\site-packages\django\views\generic\dates.py first seen with mtime 1743440449.0391192
File C:\Users\User\AppData\Local\Programs\Python\Python313\Lib\site-packages\django\contrib\admin\templatetags\admin_urls.py first seen with mtime 1743440447.5195336
File C:\Users\User\AppData\Local\Programs\Python\Python313\Lib\asyncio\base_tasks.py first seen with mtime 1738676256.0
File C:\Users\User\AppData\Local\Programs\Python\Python313\Lib\site-packages\django\core\mail\__init__.py first seen with mtime 1743440448.855675
File C:\Users\User\AppData\Local\Programs\Python\Python313\Lib\site-packages\django\utils\dates.py first seen with mtime 1743440449.0159688
File C:\Users\User\AppData\Local\Programs\Python\Python313\Lib\site-packages\django\db\models\sql\where.py first seen with mtime 1743440448.9384873
File C:\Users\User\AppData\Local\Programs\Python\Python313\Lib\site-packages\django\contrib\sessions\models.py first seen with mtime 1743440448.555061
File C:\Users\User\AppData\Local\Programs\Python\Python313\Lib\site-packages\django\core\cache\__init__.py first seen with mtime 1743440448.8348997
File C:\Users\User\AppData\Local\Programs\Python\Python313\Lib\site-packages\django\db\backends\sqlite3\schema.py first seen with mtime 1743440448.9069734
File C:\Users\User\AppData\Local\Programs\Python\Python313\Lib\site-packages\django\core\files\uploadedfile.py first seen with mtime 1743440448.8499236
File C:\Users\User\AppData\Local\Programs\Python\Python313\Lib\email\message.py first seen with mtime 1738676256.0
File C:\Users\User\AppData\Local\Programs\Python\Python313\DLLs\_wmi.pyd first seen with mtime 1738676306.0
File C:\Users\User\AppData\Local\Programs\Python\Python313\Lib\site-packages\django\urls\resolvers.py first seen with mtime 1743440449.002774
File C:\Users\User\AppData\Local\Programs\Python\Python313\Lib\wsgiref\simple_server.py first seen with mtime 1738676256.0
File C:\Users\User\AppData\Local\Programs\Python\Python313\Lib\email\_encoded_words.py first seen with mtime 1738676256.0
File C:\Users\User\AppData\Local\Programs\Python\Python313\Lib\site-packages\django\db\models\fields\related_lookups.py first seen with mtime 1743440448.9292011
File C:\Users\User\AppData\Local\Programs\Python\Python313\Lib\site-packages\django\views\static.py first seen with mtime 1743440449.0333745
File C:\Users\User\AppData\Local\Programs\Python\Python313\Lib\site-packages\django\middleware\__init__.py first seen with mtime 1743440448.9819305
File C:\Users\User\AppData\Local\Programs\Python\Python313\Lib\site-packages\django\core\checks\security\base.py first seen with mtime 1743440448.8459184
File C:\Users\User\AppData\Local\Programs\Python\Python313\Lib\site-packages\django\core\checks\urls.py first seen with mtime 1743440448.8439157
File C:\Users\User\AppData\Local\Programs\Python\Python313\Lib\site-packages\django\contrib\auth\__init__.py first seen with mtime 1743440447.6679766
File C:\Users\User\Downloads\bannedgram-alex (1)\bannedgram-alex\banned_gram\core\admin.py first seen with mtime 1744670908.0099869
File C:\Users\User\AppData\Local\Programs\Python\Python313\Lib\asyncio\locks.py first seen with mtime 1738676256.0
File C:\Users\User\AppData\Local\Programs\Python\Python313\Lib\site-packages\django\middleware\csrf.py first seen with mtime 1743440448.9819305
File C:\Users\User\AppData\Local\Programs\Python\Python313\Lib\site-packages\django\contrib\staticfiles\__init__.py first seen with mtime 1743440448.8238802
File C:\Users\User\AppData\Local\Programs\Python\Python313\Lib\site-packages\django\db\models\fields\reverse_related.py first seen with mtime 1743440448.93121
File C:\Users\User\AppData\Local\Programs\Python\Python313\Lib\email\utils.py first seen with mtime 1738676256.0
File C:\Users\User\AppData\Local\Programs\Python\Python313\Lib\keyword.py first seen with mtime 1738676256.0
File C:\Users\User\AppData\Local\Programs\Python\Python313\Lib\site-packages\django\db\transaction.py first seen with mtime 1743440448.8794518
File C:\Users\User\AppData\Local\Programs\Python\Python313\Lib\asyncio\__init__.py first seen with mtime 1738676256.0
File C:\Users\User\AppData\Local\Programs\Python\Python313\Lib\asyncio\runners.py first seen with mtime 1738676256.0
File C:\Users\User\AppData\Local\Programs\Python\Python313\Lib\site-packages\django\views\generic\__init__.py first seen with mtime 1743440449.0391192
File C:\Users\User\AppData\Local\Programs\Python\Python313\Lib\site-packages\django\contrib\staticfiles\views.py first seen with mtime 1743440448.8288906
File C:\Users\User\AppData\Local\Programs\Python\Python313\Lib\site-packages\django\contrib\auth\apps.py first seen with mtime 1743440447.6679766
File C:\Users\User\AppData\Local\Programs\Python\Python313\Lib\site-packages\django\utils\connection.py first seen with mtime 1743440449.013624
File C:\Users\User\AppData\Local\Programs\Python\Python313\Lib\site-packages\django\utils\translation\trans_real.py first seen with mtime 1743440449.0313716
File C:\Users\User\AppData\Local\Programs\Python\Python313\Lib\site-packages\asgiref\local.py first seen with mtime 1743440446.7861059
File C:\Users\User\AppData\Local\Programs\Python\Python313\Lib\nturl2path.py first seen with mtime 1738676256.0
File C:\Users\User\AppData\Local\Programs\Python\Python313\Lib\site-packages\django\contrib\auth\hashers.py first seen with mtime 1743440447.6752112
File C:\Users\User\AppData\Local\Programs\Python\Python313\Lib\site-packages\django\forms\utils.py first seen with mtime 1743440448.9425058
File C:\Users\User\AppData\Local\Programs\Python\Python313\Lib\graphlib.py first seen with mtime 1738676256.0
File C:\Users\User\AppData\Local\Programs\Python\Python313\Lib\site-packages\django\db\models\base.py first seen with mtime 1743440448.9169874
File C:\Users\User\AppData\Local\Programs\Python\Python313\Lib\site-packages\django\dispatch\dispatcher.py first seen with mtime 1743440448.9384873
File C:\Users\User\AppData\Local\Programs\Python\Python313\Lib\site-packages\django\db\models\functions\window.py first seen with mtime 1743440448.9332192
File C:\Users\User\AppData\Local\Programs\Python\Python313\Lib\asyncio\futures.py first seen with mtime 1738676256.0
File C:\Users\User\AppData\Local\Programs\Python\Python313\Lib\zoneinfo\_common.py first seen with mtime 1738676256.0
File C:\Users\User\AppData\Local\Programs\Python\Python313\DLLs\select.pyd first seen with mtime 1738676306.0
File C:\Users\User\AppData\Local\Programs\Python\Python313\Lib\site-packages\django\db\backends\utils.py first seen with mtime 1743440448.8814545
File C:\Users\User\AppData\Local\Programs\Python\Python313\Lib\site-packages\django\views\generic\detail.py first seen with mtime 1743440449.0391192
File C:\Users\User\AppData\Local\Programs\Python\Python313\Lib\asyncio\format_helpers.py first seen with mtime 1738676256.0
File C:\Users\User\AppData\Local\Programs\Python\Python313\Lib\secrets.py first seen with mtime 1738676256.0
File C:\Users\User\AppData\Local\Programs\Python\Python313\Lib\email\__init__.py first seen with mtime 1738676256.0
File C:\Users\User\AppData\Local\Programs\Python\Python313\Lib\asyncio\proactor_events.py first seen with mtime 1738676256.0
File C:\Users\User\AppData\Local\Programs\Python\Python313\Lib\site-packages\sqlparse\filters\output.py first seen with mtime 1743440446.2448235
File C:\Users\User\AppData\Local\Programs\Python\Python313\Lib\site-packages\django\urls\exceptions.py first seen with mtime 1743440449.002774
File C:\Users\User\AppData\Local\Programs\Python\Python313\Lib\site-packages\django\core\paginator.py first seen with mtime 1743440448.832897
File C:\Users\User\AppData\Local\Programs\Python\Python313\Lib\site-packages\django\utils\_os.py first seen with mtime 1743440449.002774
File C:\Users\User\AppData\Local\Programs\Python\Python313\Lib\site-packages\django\template\backends\django.py first seen with mtime 1743440448.9819305
File C:\Users\User\AppData\Local\Programs\Python\Python313\Lib\asyncio\base_subprocess.py first seen with mtime 1738676256.0
File C:\Users\User\AppData\Local\Programs\Python\Python313\Lib\asyncio\taskgroups.py first seen with mtime 1738676256.0
File C:\Users\User\AppData\Local\Programs\Python\Python313\Lib\site-packages\django\db\models\__init__.py first seen with mtime 1743440448.9169874
File C:\Users\User\AppData\Local\Programs\Python\Python313\Lib\site-packages\sqlparse\filters\others.py first seen with mtime 1743440446.2448235
File C:\Users\User\AppData\Local\Programs\Python\Python313\Lib\site-packages\django\conf\__init__.py first seen with mtime 1743440446.9936962
File C:\Users\User\AppData\Local\Programs\Python\Python313\Lib\site-packages\django\db\models\manager.py first seen with mtime 1743440448.9187312
File C:\Users\User\AppData\Local\Programs\Python\Python313\Lib\html\entities.py first seen with mtime 1738676256.0
File C:\Users\User\AppData\Local\Programs\Python\Python313\Lib\site-packages\django\urls\__init__.py first seen with mtime 1743440449.002774
File C:\Users\User\AppData\Local\Programs\Python\Python313\Lib\site-packages\django\contrib\staticfiles\checks.py first seen with mtime 1743440448.825884
File C:\Users\User\AppData\Local\Programs\Python\Python313\Lib\pathlib\_local.py first seen with mtime 1738676256.0
File C:\Users\User\AppData\Local\Programs\Python\Python313\Lib\site-packages\django\utils\formats.py first seen with mtime 1743440449.0159688
File C:\Users\User\AppData\Local\Programs\Python\Python313\Lib\site-packages\django\http\request.py first seen with mtime 1743440448.9819305
File C:\Users\User\AppData\Local\Programs\Python\Python313\Lib\inspect.py first seen with mtime 1738676256.0
File C:\Users\User\AppData\Local\Programs\Python\Python313\Lib\email\_header_value_parser.py first seen with mtime 1738676256.0
File C:\Users\User\AppData\Local\Programs\Python\Python313\Lib\email\charset.py first seen with mtime 1738676256.0
File C:\Users\User\AppData\Local\Programs\Python\Python313\Lib\zoneinfo\_tzpath.py first seen with mtime 1738676256.0
File C:\Users\User\AppData\Local\Programs\Python\Python313\DLLs\_bz2.pyd first seen with mtime 1738676306.0
File C:\Users\User\AppData\Local\Programs\Python\Python313\Lib\site-packages\django\core\checks\messages.py first seen with mtime 1743440448.8419125
File C:\Users\User\AppData\Local\Programs\Python\Python313\Lib\site-packages\django\core\serializers\json.py first seen with mtime 1743440448.8754468
File C:\Users\User\AppData\Local\Programs\Python\Python313\Lib\site-packages\django\core\files\storage\memory.py first seen with mtime 1743440448.8539298
File C:\Users\User\AppData\Local\Programs\Python\Python313\Lib\site-packages\django\utils\regex_helper.py first seen with mtime 1743440449.0243595
File C:\Users\User\AppData\Local\Programs\Python\Python313\Lib\threading.py first seen with mtime 1738676256.0
File C:\Users\User\AppData\Local\Programs\Python\Python313\Lib\site-packages\django\core\files\storage\mixins.py first seen with mtime 1743440448.8539298
File C:\Users\User\AppData\Local\Programs\Python\Python313\Lib\site-packages\django\urls\converters.py first seen with mtime 1743440449.002774
File C:\Users\User\AppData\Local\Programs\Python\Python313\Lib\site-packages\django\contrib\contenttypes\__init__.py first seen with mtime 1743440447.8111339
File C:\Users\User\AppData\Local\Programs\Python\Python313\Lib\site-packages\django\utils\choices.py first seen with mtime 1743440449.013624
File C:\Users\User\AppData\Local\Programs\Python\Python313\Lib\site-packages\django\http\__init__.py first seen with mtime 1743440448.9717722
File C:\Users\User\AppData\Local\Programs\Python\Python313\Lib\site-packages\django\db\backends\base\schema.py first seen with mtime 1743440448.8872044
File C:\Users\User\AppData\Local\Programs\Python\Python313\Lib\html\__init__.py first seen with mtime 1738676256.0
File C:\Users\User\AppData\Local\Programs\Python\Python313\Lib\site-packages\django\contrib\admin\views\autocomplete.py first seen with mtime 1743440447.521538
File C:\Users\User\AppData\Local\Programs\Python\Python313\Lib\site-packages\django\contrib\messages\api.py first seen with mtime 1743440448.3334506
File C:\Users\User\AppData\Local\Programs\Python\Python313\Lib\encodings\cp1251.py first seen with mtime 1738676256.0
File C:\Users\User\AppData\Local\Programs\Python\Python313\Lib\site-packages\sqlparse\exceptions.py first seen with mtime 1743440446.2448235
File C:\Users\User\AppData\Local\Programs\Python\Python313\Lib\site-packages\django\core\cache\backends\__init__.py first seen with mtime 1743440448.8369029
File C:\Users\User\AppData\Local\Programs\Python\Python313\Lib\site-packages\django\utils\numberformat.py first seen with mtime 1743440449.0243595
File C:\Users\User\AppData\Local\Programs\Python\Python313\Lib\struct.py first seen with mtime 1738676256.0
File C:\Users\User\AppData\Local\Programs\Python\Python313\Lib\encodings\utf_8.py first seen with mtime 1738676256.0
File C:\Users\User\AppData\Local\Programs\Python\Python313\Lib\copyreg.py first seen with mtime 1738676256.0
File C:\Users\User\AppData\Local\Programs\Python\Python313\Lib\site-packages\django\contrib\staticfiles\management\commands\runserver.py first seen with mtime 1743440448.8308935
File C:\Users\User\AppData\Local\Programs\Python\Python313\Lib\site-packages\django\db\models\sql\__init__.py first seen with mtime 1743440448.934728
File C:\Users\User\AppData\Local\Programs\Python\Python313\Lib\site-packages\django\utils\lorem_ipsum.py first seen with mtime 1743440449.0243595
File C:\Users\User\AppData\Local\Programs\Python\Python313\Lib\site-packages\django\utils\html.py first seen with mtime 1743440449.0159688
File C:\Users\User\AppData\Local\Programs\Python\Python313\Lib\site-packages\sqlparse\lexer.py first seen with mtime 1743440446.2448235
File C:\Users\User\AppData\Local\Programs\Python\Python313\Lib\site-packages\django\template\loaders\base.py first seen with mtime 1743440448.9976647
File C:\Users\User\AppData\Local\Programs\Python\Python313\Lib\sysconfig\__init__.py first seen with mtime 1738676256.0
File C:\Users\User\AppData\Local\Programs\Python\Python313\Lib\concurrent\__init__.py first seen with mtime 1738676256.0
File C:\Users\User\AppData\Local\Programs\Python\Python313\Lib\site-packages\django\db\migrations\migration.py first seen with mtime 1743440448.9109786
File C:\Users\User\AppData\Local\Programs\Python\Python313\Lib\_weakrefset.py first seen with mtime 1738676256.0
File C:\Users\User\AppData\Local\Programs\Python\Python313\Lib\site-packages\django\contrib\auth\base_user.py first seen with mtime 1743440447.6752112
File C:\Users\User\AppData\Local\Programs\Python\Python313\Lib\ctypes\wintypes.py first seen with mtime 1738676256.0
File C:\Users\User\AppData\Local\Programs\Python\Python313\Lib\re\_parser.py first seen with mtime 1738676256.0
File C:\Users\User\AppData\Local\Programs\Python\Python313\DLLs\_asyncio.pyd first seen with mtime 1738676306.0
File C:\Users\User\AppData\Local\Programs\Python\Python313\Lib\site-packages\django\db\models\fields\files.py first seen with mtime 1743440448.926181
File C:\Users\User\AppData\Local\Programs\Python\Python313\Lib\site-packages\django\core\checks\translation.py first seen with mtime 1743440448.8439157
File C:\Users\User\AppData\Local\Programs\Python\Python313\Lib\fnmatch.py first seen with mtime 1738676256.0
File C:\Users\User\AppData\Local\Programs\Python\Python313\Lib\typing.py first seen with mtime 1738676256.0
File C:\Users\User\AppData\Local\Programs\Python\Python313\Lib\site-packages\django\template\__init__.py first seen with mtime 1743440448.9819305
File C:\Users\User\AppData\Local\Programs\Python\Python313\Lib\email\mime\base.py first seen with mtime 1738676256.0
File C:\Users\User\AppData\Local\Programs\Python\Python313\Lib\site-packages\sqlparse\keywords.py first seen with mtime 1743440446.2448235
File C:\Users\User\AppData\Local\Programs\Python\Python313\Lib\site-packages\django\contrib\messages\storage\__init__.py first seen with mtime 1743440448.3334506
File C:\Users\User\Downloads\bannedgram-alex (1)\bannedgram-alex\banned_gram\manage.py first seen with mtime 1744670907.914473
File C:\Users\User\AppData\Local\Programs\Python\Python313\Lib\subprocess.py first seen with mtime 1738676256.0
File C:\Users\User\AppData\Local\Programs\Python\Python313\Lib\site-packages\django\templatetags\i18n.py first seen with mtime 1743440448.9976647
File C:\Users\User\AppData\Local\Programs\Python\Python313\Lib\site-packages\django\core\management\base.py first seen with mtime 1743440448.861684
File C:\Users\User\AppData\Local\Programs\Python\Python313\Lib\site-packages\django\db\models\sql\constants.py first seen with mtime 1743440448.934728
File C:\Users\User\AppData\Local\Programs\Python\Python313\Lib\wsgiref\util.py first seen with mtime 1738676256.0
File C:\Users\User\AppData\Local\Programs\Python\Python313\Lib\site-packages\django\contrib\admin\widgets.py first seen with mtime 1743440447.2093794
File C:\Users\User\AppData\Local\Programs\Python\Python313\Lib\site-packages\asgiref\current_thread_executor.py first seen with mtime 1743440446.7861059
File C:\Users\User\AppData\Local\Programs\Python\Python313\Lib\site-packages\django\contrib\auth\password_validation.py first seen with mtime 1743440447.6794112
File C:\Users\User\AppData\Local\Programs\Python\Python313\Lib\email\policy.py first seen with mtime 1738676256.0
File C:\Users\User\AppData\Local\Programs\Python\Python313\Lib\site-packages\django\db\backends\base\features.py first seen with mtime 1743440448.8854606
File C:\Users\User\AppData\Local\Programs\Python\Python313\DLLs\_overlapped.pyd first seen with mtime 1738676306.0
File C:\Users\User\AppData\Local\Programs\Python\Python313\Lib\site-packages\django\db\utils.py first seen with mtime 1743440448.8814545
File C:\Users\User\AppData\Local\Programs\Python\Python313\Lib\site-packages\django\contrib\admin\options.py first seen with mtime 1743440447.2093794
File C:\Users\User\AppData\Local\Programs\Python\Python313\Lib\site-packages\django\apps\__init__.py first seen with mtime 1743440446.9936962
File C:\Users\User\AppData\Local\Programs\Python\Python313\Lib\linecache.py first seen with mtime 1738676256.0
File C:\Users\User\AppData\Local\Programs\Python\Python313\Lib\site-packages\django\contrib\admin\views\__init__.py first seen with mtime 1743440447.521538
File C:\Users\User\AppData\Local\Programs\Python\Python313\Lib\uuid.py first seen with mtime 1738676256.0
File C:\Users\User\AppData\Local\Programs\Python\Python313\Lib\site-packages\django\views\decorators\__init__.py first seen with mtime 1743440449.0333745
File C:\Users\User\AppData\Local\Programs\Python\Python313\Lib\site-packages\django\template\loader.py first seen with mtime 1743440448.9819305
File C:\Users\User\AppData\Local\Programs\Python\Python313\Lib\site-packages\django\template\backends\__init__.py first seen with mtime 1743440448.9819305
File C:\Users\User\AppData\Local\Programs\Python\Python313\Lib\site-packages\django\db\backends\sqlite3\introspection.py first seen with mtime 1743440448.9049704
File C:\Users\User\AppData\Local\Programs\Python\Python313\Lib\site-packages\django\utils\timesince.py first seen with mtime 1743440449.0263627
File C:\Users\User\AppData\Local\Programs\Python\Python313\Lib\urllib\error.py first seen with mtime 1738676256.0
File C:\Users\User\AppData\Local\Programs\Python\Python313\Lib\concurrent\futures\thread.py first seen with mtime 1738676256.0
File C:\Users\User\AppData\Local\Programs\Python\Python313\Lib\site-packages\django\forms\widgets.py first seen with mtime 1743440448.944515
File C:\Users\User\AppData\Local\Programs\Python\Python313\Lib\site-packages\django\db\backends\sqlite3\operations.py first seen with mtime 1743440448.9049704
File C:\Users\User\AppData\Local\Programs\Python\Python313\Lib\site-packages\django\utils\hashable.py first seen with mtime 1743440449.0159688
File C:\Users\User\AppData\Local\Programs\Python\Python313\Lib\site-packages\django\core\management\commands\__init__.py first seen with mtime 1743440448.8634276
File C:\Users\User\AppData\Local\Programs\Python\Python313\Lib\site-packages\django\contrib\contenttypes\forms.py first seen with mtime 1743440447.8111339
File C:\Users\User\AppData\Local\Programs\Python\Python313\Lib\site-packages\django\db\models\query_utils.py first seen with mtime 1743440448.9187312
File C:\Users\User\AppData\Local\Programs\Python\Python313\Lib\site-packages\django\dispatch\__init__.py first seen with mtime 1743440448.9384873
File C:\Users\User\AppData\Local\Programs\Python\Python313\Lib\site-packages\sqlparse\engine\__init__.py first seen with mtime 1743440446.2448235
File C:\Users\User\Downloads\bannedgram-alex (1)\bannedgram-alex\banned_gram\core\views.py first seen with mtime 1744671148.2456396
File C:\Users\User\AppData\Local\Programs\Python\Python313\Lib\site-packages\django\db\models\fields\related.py first seen with mtime 1743440448.9292011
File C:\Users\User\AppData\Local\Programs\Python\Python313\Lib\email\_parseaddr.py first seen with mtime 1738676256.0
File C:\Users\User\AppData\Local\Programs\Python\Python313\Lib\site-packages\django\db\backends\base\introspection.py first seen with mtime 1743440448.8854606
File C:\Users\User\AppData\Local\Programs\Python\Python313\Lib\site-packages\django\utils\module_loading.py first seen with mtime 1743440449.0243595
File C:\Users\User\AppData\Local\Programs\Python\Python313\Lib\site-packages\django\forms\__init__.py first seen with mtime 1743440448.9404974
File C:\Users\User\AppData\Local\Programs\Python\Python313\Lib\hashlib.py first seen with mtime 1738676256.0
File C:\Users\User\AppData\Local\Programs\Python\Python313\Lib\site-packages\django\db\backends\ddl_references.py first seen with mtime 1743440448.8814545
File C:\Users\User\AppData\Local\Programs\Python\Python313\DLLs\_hashlib.pyd first seen with mtime 1738676306.0
File C:\Users\User\AppData\Local\Programs\Python\Python313\Lib\site-packages\django\conf\urls\static.py first seen with mtime 1743440447.1993103
File C:\Users\User\AppData\Local\Programs\Python\Python313\Lib\site-packages\django\db\models\constants.py first seen with mtime 1743440448.9187312
File C:\Users\User\AppData\Local\Programs\Python\Python313\Lib\quopri.py first seen with mtime 1738676256.0
File C:\Users\User\Downloads\bannedgram-alex (1)\bannedgram-alex\banned_gram\core\urls.py first seen with mtime 1744670908.0936308
File C:\Users\User\AppData\Local\Programs\Python\Python313\Lib\site-packages\django\core\files\images.py first seen with mtime 1743440448.847921
File C:\Users\User\AppData\Local\Programs\Python\Python313\Lib\site-packages\django\core\checks\model_checks.py first seen with mtime 1743440448.8439157
File C:\Users\User\AppData\Local\Programs\Python\Python313\Lib\site-packages\django\contrib\auth\views.py first seen with mtime 1743440447.6794112
File C:\Users\User\AppData\Local\Programs\Python\Python313\Lib\site-packages\django\core\serializers\python.py first seen with mtime 1743440448.8774493
File C:\Users\User\AppData\Local\Programs\Python\Python313\Lib\json\decoder.py first seen with mtime 1738676256.0
File C:\Users\User\AppData\Local\Programs\Python\Python313\Lib\site-packages\django\contrib\admin\templatetags\admin_modify.py first seen with mtime 1743440447.5195336
File C:\Users\User\AppData\Local\Programs\Python\Python313\Lib\site-packages\django\utils\inspect.py first seen with mtime 1743440449.0159688
File C:\Users\User\AppData\Local\Programs\Python\Python313\Lib\email\base64mime.py first seen with mtime 1738676256.0
File C:\Users\User\AppData\Local\Programs\Python\Python313\Lib\site-packages\sqlparse\filters\tokens.py first seen with mtime 1743440446.2448235
File C:\Users\User\AppData\Local\Programs\Python\Python313\Lib\site-packages\django\core\handlers\base.py first seen with mtime 1743440448.855675
File C:\Users\User\AppData\Local\Programs\Python\Python313\Lib\email\quoprimime.py first seen with mtime 1738676256.0
File C:\Users\User\AppData\Local\Programs\Python\Python313\Lib\fractions.py first seen with mtime 1738676256.0
File C:\Users\User\AppData\Local\Programs\Python\Python313\Lib\email\contentmanager.py first seen with mtime 1738676256.0
File C:\Users\User\AppData\Local\Programs\Python\Python313\Lib\site-packages\django\template\library.py first seen with mtime 1743440448.9819305
File C:\Users\User\AppData\Local\Programs\Python\Python313\Lib\site-packages\django\core\cache\backends\filebased.py first seen with mtime 1743440448.8389058
File C:\Users\User\AppData\Local\Programs\Python\Python313\Lib\asyncio\queues.py first seen with mtime 1738676256.0
File C:\Users\User\AppData\Local\Programs\Python\Python313\Lib\site-packages\django\conf\locale\__init__.py first seen with mtime 1743440446.9936962
File C:\Users\User\AppData\Local\Programs\Python\Python313\Lib\site-packages\django\db\models\constraints.py first seen with mtime 1743440448.9187312
File C:\Users\User\AppData\Local\Programs\Python\Python313\Lib\site-packages\django\templatetags\tz.py first seen with mtime 1743440448.9976647
File C:\Users\User\AppData\Local\Programs\Python\Python313\Lib\site-packages\django\utils\duration.py first seen with mtime 1743440449.0159688
File C:\Users\User\Downloads\bannedgram-alex (1)\bannedgram-alex\banned_gram\core\forms.py first seen with mtime 1744671029.6993346
File C:\Users\User\AppData\Local\Programs\Python\Python313\Lib\site-packages\django\contrib\auth\middleware.py first seen with mtime 1743440447.6752112
File C:\Users\User\AppData\Local\Programs\Python\Python313\Lib\email\parser.py first seen with mtime 1738676256.0
File C:\Users\User\AppData\Local\Programs\Python\Python313\Lib\site-packages\django\contrib\auth\decorators.py first seen with mtime 1743440447.6752112
File C:\Users\User\AppData\Local\Programs\Python\Python313\Lib\site-packages\django\db\models\sql\query.py first seen with mtime 1743440448.9367375
File C:\Users\User\AppData\Local\Programs\Python\Python313\Lib\site-packages\django\utils\__init__.py first seen with mtime 1743440449.002774
File C:\Users\User\AppData\Local\Programs\Python\Python313\Lib\site-packages\django\core\cache\utils.py first seen with mtime 1743440448.8369029
File C:\Users\User\AppData\Local\Programs\Python\Python313\Lib\site-packages\django\core\management\__init__.py first seen with mtime 1743440448.861684
File C:\Users\User\AppData\Local\Programs\Python\Python313\Lib\site-packages\django\db\migrations\utils.py first seen with mtime 1743440448.912981
File C:\Users\User\AppData\Local\Programs\Python\Python313\Lib\site-packages\django\template\utils.py first seen with mtime 1743440448.9819305
File C:\Users\User\AppData\Local\Programs\Python\Python313\Lib\site-packages\django\template\defaulttags.py first seen with mtime 1743440448.9819305
File C:\Users\User\AppData\Local\Programs\Python\Python313\Lib\site-packages\django\utils\autoreload.py first seen with mtime 1743440449.002774
File C:\Users\User\AppData\Local\Programs\Python\Python313\Lib\site-packages\django\views\decorators\common.py first seen with mtime 1743440449.0333745
File C:\Users\User\AppData\Local\Programs\Python\Python313\Lib\ctypes\__init__.py first seen with mtime 1738676256.0
File C:\Users\User\AppData\Local\Programs\Python\Python313\Lib\site-packages\django\core\checks\security\csrf.py first seen with mtime 1743440448.8459184
File C:\Users\User\AppData\Local\Programs\Python\Python313\Lib\site-packages\django\db\backends\sqlite3\features.py first seen with mtime 1743440448.9049704
File C:\Users\User\AppData\Local\Programs\Python\Python313\Lib\site-packages\django\db\models\functions\mixins.py first seen with mtime 1743440448.9332192
File C:\Users\User\AppData\Local\Programs\Python\Python313\Lib\gzip.py first seen with mtime 1738676256.0
File C:\Users\User\AppData\Local\Programs\Python\Python313\Lib\asyncio\staggered.py first seen with mtime 1738676256.0
File C:\Users\User\AppData\Local\Programs\Python\Python313\Lib\site-packages\django\db\backends\base\operations.py first seen with mtime 1743440448.8854606
File C:\Users\User\AppData\Local\Programs\Python\Python313\Lib\queue.py first seen with mtime 1738676256.0
File C:\Users\User\AppData\Local\Programs\Python\Python313\Lib\site-packages\django\utils\functional.py first seen with mtime 1743440449.0159688
File C:\Users\User\AppData\Local\Programs\Python\Python313\Lib\site-packages\django\forms\models.py first seen with mtime 1743440448.9425058
File C:\Users\User\AppData\Local\Programs\Python\Python313\Lib\site-packages\django\core\handlers\__init__.py first seen with mtime 1743440448.8539298
File C:\Users\User\AppData\Local\Programs\Python\Python313\Lib\types.py first seen with mtime 1738676256.0
File C:\Users\User\AppData\Local\Programs\Python\Python313\Lib\site-packages\django\core\checks\database.py first seen with mtime 1743440448.8419125
File C:\Users\User\AppData\Local\Programs\Python\Python313\Lib\site-packages\django\templatetags\__init__.py first seen with mtime 1743440448.9976647
File C:\Users\User\AppData\Local\Programs\Python\Python313\Lib\site-packages\django\template\loaders\app_directories.py first seen with mtime 1743440448.9976647
File C:\Users\User\AppData\Local\Programs\Python\Python313\Lib\site-packages\django\db\migrations\__init__.py first seen with mtime 1743440448.9069734
File C:\Users\User\AppData\Local\Programs\Python\Python313\Lib\_markupbase.py first seen with mtime 1738676256.0
File C:\Users\User\AppData\Local\Programs\Python\Python313\Lib\site-packages\django\utils\http.py first seen with mtime 1743440449.0159688
File C:\Users\User\AppData\Local\Programs\Python\Python313\Lib\site-packages\django\contrib\auth\checks.py first seen with mtime 1743440447.6752112
File C:\Users\User\AppData\Local\Programs\Python\Python313\Lib\site-packages\django\views\decorators\debug.py first seen with mtime 1743440449.0371156
File C:\Users\User\AppData\Local\Programs\Python\Python313\Lib\re\_constants.py first seen with mtime 1738676256.0
File C:\Users\User\AppData\Local\Programs\Python\Python313\DLLs\unicodedata.pyd first seen with mtime 1738676306.0
File C:\Users\User\AppData\Local\Programs\Python\Python313\Lib\site-packages\django\db\backends\signals.py first seen with mtime 1743440448.8814545
File C:\Users\User\AppData\Local\Programs\Python\Python313\Lib\site-packages\django\contrib\contenttypes\checks.py first seen with mtime 1743440447.8111339
File C:\Users\User\AppData\Local\Programs\Python\Python313\Lib\_opcode_metadata.py first seen with mtime 1738676256.0
File C:\Users\User\AppData\Local\Programs\Python\Python313\Lib\site-packages\django\utils\datastructures.py first seen with mtime 1743440449.013624
File C:\Users\User\AppData\Local\Programs\Python\Python313\Lib\asyncio\tasks.py first seen with mtime 1738676256.0
File C:\Users\User\AppData\Local\Programs\Python\Python313\Lib\site-packages\django\contrib\auth\models.py first seen with mtime 1743440447.6794112
File C:\Users\User\AppData\Local\Programs\Python\Python313\Lib\site-packages\django\core\files\temp.py first seen with mtime 1743440448.8499236
File C:\Users\User\AppData\Local\Programs\Python\Python313\Lib\site-packages\django\http\response.py first seen with mtime 1743440448.9819305
File C:\Users\User\AppData\Local\Programs\Python\Python313\Lib\site-packages\django\core\checks\security\__init__.py first seen with mtime 1743440448.8459184
File C:\Users\User\AppData\Local\Programs\Python\Python313\Lib\email\mime\text.py first seen with mtime 1738676256.0
File C:\Users\User\AppData\Local\Programs\Python\Python313\Lib\site-packages\django\core\servers\basehttp.py first seen with mtime 1743440448.8794518
File C:\Users\User\AppData\Local\Programs\Python\Python313\Lib\asyncio\constants.py first seen with mtime 1738676256.0
File C:\Users\User\AppData\Local\Programs\Python\Python313\Lib\asyncio\sslproto.py first seen with mtime 1738676256.0
File C:\Users\User\AppData\Local\Programs\Python\Python313\Lib\site-packages\django\core\files\__init__.py first seen with mtime 1743440448.847921
File C:\Users\User\AppData\Local\Programs\Python\Python313\Lib\zoneinfo\__init__.py first seen with mtime 1738676256.0
File C:\Users\User\AppData\Local\Programs\Python\Python313\Lib\email\feedparser.py first seen with mtime 1738676256.0
File C:\Users\User\AppData\Local\Programs\Python\Python313\Lib\site-packages\django\contrib\sessions\__init__.py first seen with mtime 1743440448.555061
File C:\Users\User\AppData\Local\Programs\Python\Python313\Lib\site-packages\django\utils\cache.py first seen with mtime 1743440449.002774
File C:\Users\User\AppData\Local\Programs\Python\Python313\Lib\email\header.py first seen with mtime 1738676256.0
File C:\Users\User\AppData\Local\Programs\Python\Python313\Lib\decimal.py first seen with mtime 1738676256.0
File C:\Users\User\AppData\Local\Programs\Python\Python313\Lib\site-packages\django\core\wsgi.py first seen with mtime 1743440448.8348997
File C:\Users\User\Downloads\bannedgram-alex (1)\bannedgram-alex\banned_gram\banned_gram\urls.py first seen with mtime 1744670907.9674737
File C:\Users\User\AppData\Local\Programs\Python\Python313\Lib\pkgutil.py first seen with mtime 1738676256.0
File C:\Users\User\AppData\Local\Programs\Python\Python313\Lib\site-packages\django\http\cookie.py first seen with mtime 1743440448.9819305
File C:\Users\User\AppData\Local\Programs\Python\Python313\Lib\site-packages\django\db\backends\__init__.py first seen with mtime 1743440448.8814545
File C:\Users\User\AppData\Local\Programs\Python\Python313\Lib\site-packages\django\contrib\contenttypes\management\__init__.py first seen with mtime 1743440447.9282339
File C:\Users\User\AppData\Local\Programs\Python\Python313\Lib\site-packages\django\forms\renderers.py first seen with mtime 1743440448.9425058
File C:\Users\User\AppData\Local\Programs\Python\Python313\Lib\http\cookies.py first seen with mtime 1738676256.0
File C:\Users\User\AppData\Local\Programs\Python\Python313\Lib\site-packages\django\contrib\admin\views\main.py first seen with mtime 1743440447.5235417
File C:\Users\User\AppData\Local\Programs\Python\Python313\Lib\email\encoders.py first seen with mtime 1738676256.0
File C:\Users\User\AppData\Local\Programs\Python\Python313\Lib\site-packages\django\contrib\auth\signals.py first seen with mtime 1743440447.6794112
File C:\Users\User\AppData\Local\Programs\Python\Python313\Lib\pathlib\_abc.py first seen with mtime 1738676256.0
File C:\Users\User\AppData\Local\Programs\Python\Python313\DLLs\_lzma.pyd first seen with mtime 1738676306.0
File C:\Users\User\AppData\Local\Programs\Python\Python313\Lib\site-packages\django\db\models\functions\comparison.py first seen with mtime 1743440448.93121
File C:\Users\User\AppData\Local\Programs\Python\Python313\Lib\re\__init__.py first seen with mtime 1738676256.0
File C:\Users\User\AppData\Local\Programs\Python\Python313\Lib\site-packages\django\utils\timezone.py first seen with mtime 1743440449.0263627
File C:\Users\User\AppData\Local\Programs\Python\Python313\Lib\multiprocessing\reduction.py first seen with mtime 1738676256.0
File C:\Users\User\AppData\Local\Programs\Python\Python313\Lib\site-packages\django\contrib\sessions\base_session.py first seen with mtime 1743440448.555061
File C:\Users\User\AppData\Local\Programs\Python\Python313\Lib\site-packages\django\forms\fields.py first seen with mtime 1743440448.9404974
File C:\Users\User\AppData\Local\Programs\Python\Python313\Lib\asyncio\base_events.py first seen with mtime 1738676256.0
File C:\Users\User\Downloads\bannedgram-alex (1)\bannedgram-alex\banned_gram\banned_gram\settings.py first seen with mtime 1744671561.5754962
File C:\Users\User\AppData\Local\Programs\Python\Python313\Lib\site-packages\django\contrib\staticfiles\management\__init__.py first seen with mtime 1743440448.8288906
File C:\Users\User\AppData\Local\Programs\Python\Python313\Lib\http\client.py first seen with mtime 1738676256.0
File C:\Users\User\AppData\Local\Programs\Python\Python313\Lib\email\generator.py first seen with mtime 1738676256.0
File C:\Users\User\AppData\Local\Programs\Python\Python313\Lib\concurrent\futures\_base.py first seen with mtime 1738676256.0
File C:\Users\User\AppData\Local\Programs\Python\Python313\Lib\textwrap.py first seen with mtime 1738676256.0
File C:\Users\User\AppData\Local\Programs\Python\Python313\Lib\site-packages\django\db\backends\base\base.py first seen with mtime 1743440448.8834572
File C:\Users\User\AppData\Local\Programs\Python\Python313\Lib\site-packages\django\templatetags\l10n.py first seen with mtime 1743440448.9976647
File C:\Users\User\AppData\Local\Programs\Python\Python313\Lib\site-packages\django\db\models\deletion.py first seen with mtime 1743440448.9187312
File C:\Users\User\AppData\Local\Programs\Python\Python313\Lib\site-packages\django\template\context.py first seen with mtime 1743440448.9819305
File C:\Users\User\AppData\Local\Programs\Python\Python313\Lib\site-packages\django\contrib\staticfiles\apps.py first seen with mtime 1743440448.8238802
File C:\Users\User\AppData\Local\Programs\Python\Python313\Lib\traceback.py first seen with mtime 1738676256.0
File C:\Users\User\AppData\Local\Programs\Python\Python313\Lib\site-packages\django\db\backends\sqlite3\__init__.py first seen with mtime 1743440448.9029677
File C:\Users\User\AppData\Local\Programs\Python\Python313\Lib\site-packages\django\utils\version.py first seen with mtime 1743440449.0283654
File C:\Users\User\AppData\Local\Programs\Python\Python313\Lib\site-packages\django\core\signals.py first seen with mtime 1743440448.832897
File C:\Users\User\AppData\Local\Programs\Python\Python313\Lib\site-packages\django\core\checks\compatibility\django_4_0.py first seen with mtime 1743440448.8459184
File C:\Users\User\Downloads\bannedgram-alex (1)\bannedgram-alex\banned_gram\core\__init__.py first seen with mtime 1744670907.9969828
File C:\Users\User\Downloads\bannedgram-alex (1)\bannedgram-alex\banned_gram\core\templates\core first seen with mtime 1744671528.4320185
File C:\Users\User\Downloads\bannedgram-alex (1)\bannedgram-alex\banned_gram\core\templates\registration first seen with mtime 1744671521.8125193
File C:\Users\User\Downloads\bannedgram-alex (1)\bannedgram-alex\banned_gram\core\templates\core\base.html first seen with mtime 1744671466.658987
File C:\Users\User\Downloads\bannedgram-alex (1)\bannedgram-alex\banned_gram\core\templates\core\base_simple.html first seen with mtime 1744671528.4310107
File C:\Users\User\Downloads\bannedgram-alex (1)\bannedgram-alex\banned_gram\core\templates\core\chat_detail.html first seen with mtime 1744671061.336246
File C:\Users\User\Downloads\bannedgram-alex (1)\bannedgram-alex\banned_gram\core\templates\core\chat_list.html first seen with mtime 1744671046.809446
File C:\Users\User\Downloads\bannedgram-alex (1)\bannedgram-alex\banned_gram\core\templates\core\feed.html first seen with mtime 1744670976.2074566
File C:\Users\User\Downloads\bannedgram-alex (1)\bannedgram-alex\banned_gram\core\templates\core\profile.html first seen with mtime 1744671479.9003158
File C:\Users\User\Downloads\bannedgram-alex (1)\bannedgram-alex\banned_gram\core\templates\registration\login.html first seen with mtime 1744671516.0666342
File C:\Users\User\Downloads\bannedgram-alex (1)\bannedgram-alex\banned_gram\core\templates\registration\signup.html first seen with mtime 1744671521.8115213
File C:\Users\User\AppData\Local\Programs\Python\Python313\Lib\site-packages\django\contrib\admin\migrations\0003_logentry_add_action_flag_choices.py first seen with mtime 1743440447.4368827
File C:\Users\User\AppData\Local\Programs\Python\Python313\Lib\site-packages\PIL\_version.py first seen with mtime 1743440488.540234
File C:\Users\User\AppData\Local\Programs\Python\Python313\Lib\site-packages\django\contrib\auth\migrations\0004_alter_user_username_opts.py first seen with mtime 1743440447.795075
File C:\Users\User\Downloads\bannedgram-alex (1)\bannedgram-alex\banned_gram\core\migrations\0001_initial.py first seen with mtime 1744670908.1212766
File C:\Users\User\AppData\Local\Programs\Python\Python313\Lib\site-packages\django\contrib\auth\migrations\0002_alter_permission_name_max_length.py first seen with mtime 1743440447.795075
File C:\Users\User\AppData\Local\Programs\Python\Python313\Lib\site-packages\PIL\ImageMode.py first seen with mtime 1743440488.4779267
File C:\Users\User\AppData\Local\Programs\Python\Python313\Lib\site-packages\django\middleware\clickjacking.py first seen with mtime 1743440448.9819305
File C:\Users\User\AppData\Local\Programs\Python\Python313\Lib\site-packages\django\contrib\contenttypes\migrations\0001_initial.py first seen with mtime 1743440447.9282339
File C:\Users\User\AppData\Local\Programs\Python\Python313\Lib\site-packages\django\contrib\auth\migrations\0012_alter_user_first_name_max_length.py first seen with mtime 1743440447.8111339
File C:\Users\User\AppData\Local\Programs\Python\Python313\Lib\site-packages\django\db\migrations\loader.py first seen with mtime 1743440448.908976
File C:\Users\User\AppData\Local\Programs\Python\Python313\Lib\site-packages\django\contrib\sessions\backends\base.py first seen with mtime 1743440448.555061
File C:\Users\User\AppData\Local\Programs\Python\Python313\Lib\site-packages\django\middleware\common.py first seen with mtime 1743440448.9819305
File C:\Users\User\AppData\Local\Programs\Python\Python313\Lib\site-packages\django\contrib\auth\migrations\0006_require_contenttypes_0002.py first seen with mtime 1743440447.795075
File C:\Users\User\AppData\Local\Programs\Python\Python313\Lib\site-packages\django\contrib\sessions\backends\db.py first seen with mtime 1743440448.571054
File C:\Users\User\AppData\Local\Programs\Python\Python313\Lib\site-packages\django\db\migrations\executor.py first seen with mtime 1743440448.908976
File C:\Users\User\AppData\Local\Programs\Python\Python313\Lib\site-packages\django\db\migrations\recorder.py first seen with mtime 1743440448.9109786
File C:\Users\User\AppData\Local\Programs\Python\Python313\Lib\site-packages\django\contrib\sessions\migrations\0001_initial.py first seen with mtime 1743440448.6971455
File C:\Users\User\AppData\Local\Programs\Python\Python313\Lib\site-packages\PIL\_util.py first seen with mtime 1743440488.540234
File C:\Users\User\AppData\Local\Programs\Python\Python313\Lib\site-packages\django\db\migrations\graph.py first seen with mtime 1743440448.908976
File C:\Users\User\AppData\Local\Programs\Python\Python313\Lib\site-packages\django\contrib\admin\migrations\__init__.py first seen with mtime 1743440447.4368827
File C:\Users\User\AppData\Local\Programs\Python\Python313\Lib\site-packages\django\contrib\auth\migrations\0003_alter_user_email_max_length.py first seen with mtime 1743440447.795075
File C:\Users\User\AppData\Local\Programs\Python\Python313\Lib\encodings\idna.py first seen with mtime 1738676256.0
File C:\Users\User\AppData\Local\Programs\Python\Python313\Lib\stringprep.py first seen with mtime 1738676256.0
File C:\Users\User\AppData\Local\Programs\Python\Python313\Lib\site-packages\PIL\_binary.py first seen with mtime 1743440488.4946535
File C:\Users\User\AppData\Local\Programs\Python\Python313\Lib\site-packages\PIL\_imaging.cp313-win_amd64.pyd first seen with mtime 1743440488.5204484
File C:\Users\User\AppData\Local\Programs\Python\Python313\Lib\site-packages\django\contrib\admin\migrations\0001_initial.py first seen with mtime 1743440447.4368827
File C:\Users\User\AppData\Local\Programs\Python\Python313\Lib\site-packages\django\contrib\contenttypes\migrations\0002_remove_content_type_name.py first seen with mtime 1743440447.9282339
File C:\Users\User\AppData\Local\Programs\Python\Python313\Lib\site-packages\PIL\Image.py first seen with mtime 1743440488.4769225
File C:\Users\User\AppData\Local\Programs\Python\Python313\Lib\site-packages\django\contrib\messages\middleware.py first seen with mtime 1743440448.3334506
File C:\Users\User\AppData\Local\Programs\Python\Python313\Lib\site-packages\django\contrib\auth\migrations\0009_alter_user_last_name_max_length.py first seen with mtime 1743440447.795075
File C:\Users\User\AppData\Local\Programs\Python\Python313\Lib\site-packages\django\contrib\sessions\backends\__init__.py first seen with mtime 1743440448.555061
File C:\Users\User\AppData\Local\Programs\Python\Python313\Lib\site-packages\django\contrib\auth\migrations\0005_alter_user_last_login_null.py first seen with mtime 1743440447.795075
File C:\Users\User\AppData\Local\Programs\Python\Python313\Lib\site-packages\django\contrib\auth\migrations\0008_alter_user_username_max_length.py first seen with mtime 1743440447.795075
File C:\Users\User\AppData\Local\Programs\Python\Python313\Lib\site-packages\PIL\_deprecate.py first seen with mtime 1743440488.4946535
File C:\Users\User\AppData\Local\Programs\Python\Python313\Lib\site-packages\PIL\TiffTags.py first seen with mtime 1743440488.4946535
File C:\Users\User\AppData\Local\Programs\Python\Python313\Lib\site-packages\django\contrib\auth\migrations\0010_alter_group_name_max_length.py first seen with mtime 1743440447.795075
File C:\Users\User\AppData\Local\Programs\Python\Python313\Lib\site-packages\django\contrib\auth\migrations\__init__.py first seen with mtime 1743440447.8111339
File C:\Users\User\Downloads\bannedgram-alex (1)\bannedgram-alex\banned_gram\banned_gram\wsgi.py first seen with mtime 1744670907.981983
File C:\Users\User\AppData\Local\Programs\Python\Python313\Lib\site-packages\PIL\_typing.py first seen with mtime 1743440488.540234
File C:\Users\User\AppData\Local\Programs\Python\Python313\Lib\site-packages\django\contrib\contenttypes\migrations\__init__.py first seen with mtime 1743440447.9282339
File C:\Users\User\AppData\Local\Programs\Python\Python313\Lib\site-packages\PIL\__init__.py first seen with mtime 1743440488.4946535
File C:\Users\User\AppData\Local\Programs\Python\Python313\Lib\site-packages\PIL\ExifTags.py first seen with mtime 1743440488.4674351
File C:\Users\User\AppData\Local\Programs\Python\Python313\Lib\site-packages\django\contrib\sessions\exceptions.py first seen with mtime 1743440448.555061
File C:\Users\User\AppData\Local\Programs\Python\Python313\Lib\site-packages\django\contrib\admin\migrations\0002_logentry_remove_auto_add.py first seen with mtime 1743440447.4368827
File C:\Users\User\AppData\Local\Programs\Python\Python313\Lib\site-packages\django\db\models\sql\compiler.py first seen with mtime 1743440448.934728
File C:\Users\User\AppData\Local\Programs\Python\Python313\Lib\site-packages\django\contrib\auth\migrations\0007_alter_validators_add_error_messages.py first seen with mtime 1743440447.795075
File C:\Users\User\AppData\Local\Programs\Python\Python313\Lib\site-packages\django\contrib\auth\migrations\0001_initial.py first seen with mtime 1743440447.795075
File C:\Users\User\AppData\Local\Programs\Python\Python313\Lib\site-packages\django\contrib\sessions\migrations\__init__.py first seen with mtime 1743440448.6971455
File C:\Users\User\Downloads\bannedgram-alex (1)\bannedgram-alex\banned_gram\core\migrations\__init__.py first seen with mtime 1744670908.1332762
File C:\Users\User\AppData\Local\Programs\Python\Python313\Lib\site-packages\django\contrib\auth\migrations\0011_update_proxy_permissions.py first seen with mtime 1743440447.8111339
File C:\Users\User\AppData\Local\Programs\Python\Python313\Lib\__future__.py first seen with mtime 1738676256.0
(0.000) SELECT "django_session"."session_key", "django_session"."session_data", "django_session"."expire_date" FROM "django_session" WHERE ("django_session"."expire_date" > '2025-04-14 22:59:28.202766' AND "django_session"."session_key" = 'vl2ckpszzu30htybzcut5laprcsbb394') LIMIT 21; args=('2025-04-14 22:59:28.202766', 'vl2ckpszzu30htybzcut5laprcsbb394'); alias=default
(0.000) SELECT "core_user"."id", "core_user"."password", "core_user"."last_login", "core_user"."is_superuser", "core_user"."username", "core_user"."first_name", "core_user"."last_name", "core_user"."email", "core_user"."is_staff", "core_user"."is_active", "core_user"."date_joined", "core_user"."avatar", "core_user"."bio" FROM "core_user" WHERE "core_user"."id" = 5 LIMIT 21; args=(5,); alias=default
(0.000) SELECT "core_user"."id", "core_user"."password", "core_user"."last_login", "core_user"."is_superuser", "core_user"."username", "core_user"."first_name", "core_user"."last_name", "core_user"."email", "core_user"."is_staff", "core_user"."is_active", "core_user"."date_joined", "core_user"."avatar", "core_user"."bio" FROM "core_user" WHERE "core_user"."username" = 'dimas' LIMIT 21; args=('dimas',); alias=default
(0.000) SELECT "core_post"."id", "core_post"."user_id", "core_post"."image", "core_post"."caption", "core_post"."created_at" FROM "core_post" WHERE "core_post"."user_id" = 5 ORDER BY "core_post"."created_at" DESC; args=(5,); alias=default
"GET /profile/ HTTP/1.1" 200 5619
File C:\Users\User\AppData\Local\Programs\Python\Python313\Lib\site-packages\django\contrib\messages\context_processors.py first seen with mtime 1743440448.3334506
File C:\Users\User\AppData\Local\Programs\Python\Python313\Lib\site-packages\django\template\context_processors.py first seen with mtime 1743440448.9819305
File C:\Users\User\AppData\Local\Programs\Python\Python313\Lib\site-packages\django\contrib\messages\storage\cookie.py first seen with mtime 1743440448.3334506
File C:\Users\User\AppData\Local\Programs\Python\Python313\Lib\site-packages\django\contrib\messages\storage\fallback.py first seen with mtime 1743440448.3334506
File C:\Users\User\AppData\Local\Programs\Python\Python313\Lib\site-packages\django\contrib\auth\context_processors.py first seen with mtime 1743440447.6752112
File C:\Users\User\AppData\Local\Programs\Python\Python313\Lib\site-packages\django\contrib\messages\storage\session.py first seen with mtime 1743440448.3334506
File C:\Users\User\AppData\Local\Programs\Python\Python313\Lib\site-packages\django\contrib\sessions\serializers.py first seen with mtime 1743440448.555061
(0.000) SELECT "django_session"."session_key", "django_session"."session_data", "django_session"."expire_date" FROM "django_session" WHERE ("django_session"."expire_date" > '2025-04-14 22:59:52.260761' AND "django_session"."session_key" = 'vl2ckpszzu30htybzcut5laprcsbb394') LIMIT 21; args=('2025-04-14 22:59:52.260761', 'vl2ckpszzu30htybzcut5laprcsbb394'); alias=default
(0.000) SELECT "core_user"."id", "core_user"."password", "core_user"."last_login", "core_user"."is_superuser", "core_user"."username", "core_user"."first_name", "core_user"."last_name", "core_user"."email", "core_user"."is_staff", "core_user"."is_active", "core_user"."date_joined", "core_user"."avatar", "core_user"."bio" FROM "core_user" WHERE "core_user"."id" = 5 LIMIT 21; args=(5,); alias=default
(0.000) SELECT "core_user"."id", "core_user"."password", "core_user"."last_login", "core_user"."is_superuser", "core_user"."username", "core_user"."first_name", "core_user"."last_name", "core_user"."email", "core_user"."is_staff", "core_user"."is_active", "core_user"."date_joined", "core_user"."avatar", "core_user"."bio" FROM "core_user" WHERE "core_user"."username" = 'dimas' LIMIT 21; args=('dimas',); alias=default
(0.002) INSERT INTO "core_post" ("user_id", "image", "caption", "created_at") VALUES (5, 'posts/f3988fd5-db94-42cd-8342-a4007d4fed36.jpg', '', '2025-04-14 22:59:52.312049') RETURNING "core_post"."id"; args=(5, 'posts/f3988fd5-db94-42cd-8342-a4007d4fed36.jpg', '', '2025-04-14 22:59:52.312049'); alias=default
"POST /profile/ HTTP/1.1" 302 0
(0.000) SELECT "django_session"."session_key", "django_session"."session_data", "django_session"."expire_date" FROM "django_session" WHERE ("django_session"."expire_date" > '2025-04-14 22:59:52.319293' AND "django_session"."session_key" = 'vl2ckpszzu30htybzcut5laprcsbb394') LIMIT 21; args=('2025-04-14 22:59:52.319293', 'vl2ckpszzu30htybzcut5laprcsbb394'); alias=default
(0.000) SELECT "core_user"."id", "core_user"."password", "core_user"."last_login", "core_user"."is_superuser", "core_user"."username", "core_user"."first_name", "core_user"."last_name", "core_user"."email", "core_user"."is_staff", "core_user"."is_active", "core_user"."date_joined", "core_user"."avatar", "core_user"."bio" FROM "core_user" WHERE "core_user"."id" = 5 LIMIT 21; args=(5,); alias=default
(0.000) SELECT "core_user"."id", "core_user"."password", "core_user"."last_login", "core_user"."is_superuser", "core_user"."username", "core_user"."first_name", "core_user"."last_name", "core_user"."email", "core_user"."is_staff", "core_user"."is_active", "core_user"."date_joined", "core_user"."avatar", "core_user"."bio" FROM "core_user" WHERE "core_user"."username" = 'dimas' LIMIT 21; args=('dimas',); alias=default
(0.000) SELECT "core_post"."id", "core_post"."user_id", "core_post"."image", "core_post"."caption", "core_post"."created_at" FROM "core_post" WHERE "core_post"."user_id" = 5 ORDER BY "core_post"."created_at" DESC; args=(5,); alias=default
"GET /dimas/ HTTP/1.1" 200 5721
"GET /media/posts/f3988fd5-db94-42cd-8342-a4007d4fed36.jpg HTTP/1.1" 200 13046
File C:\Users\User\AppData\Local\Programs\Python\Python313\Lib\site-packages\PIL\FitsImagePlugin.py first seen with mtime 1743440488.4674351
File C:\Users\User\AppData\Local\Programs\Python\Python313\Lib\site-packages\PIL\PaletteFile.py first seen with mtime 1743440488.4927375
File C:\Users\User\AppData\Local\Programs\Python\Python313\Lib\site-packages\PIL\JpegPresets.py first seen with mtime 1743440488.4903827
File C:\Users\User\AppData\Local\Programs\Python\Python313\Lib\site-packages\PIL\PngImagePlugin.py first seen with mtime 1743440488.4946535
File C:\Users\User\AppData\Local\Programs\Python\Python313\Lib\site-packages\PIL\ImageMath.py first seen with mtime 1743440488.4779267
File C:\Users\User\AppData\Local\Programs\Python\Python313\Lib\site-packages\PIL\QoiImagePlugin.py first seen with mtime 1743440488.4946535
File C:\Users\User\AppData\Local\Programs\Python\Python313\Lib\site-packages\PIL\PdfParser.py first seen with mtime 1743440488.4946535
File C:\Users\User\AppData\Local\Programs\Python\Python313\Lib\site-packages\PIL\PalmImagePlugin.py first seen with mtime 1743440488.4946535
File C:\Users\User\AppData\Local\Programs\Python\Python313\Lib\site-packages\PIL\MpegImagePlugin.py first seen with mtime 1743440488.4903827
File C:\Users\User\AppData\Local\Programs\Python\Python313\Lib\site-packages\PIL\PsdImagePlugin.py first seen with mtime 1743440488.4946535
File C:\Users\User\AppData\Local\Programs\Python\Python313\Lib\site-packages\PIL\PcxImagePlugin.py first seen with mtime 1743440488.4946535
File C:\Users\User\AppData\Local\Programs\Python\Python313\Lib\site-packages\PIL\PdfImagePlugin.py first seen with mtime 1743440488.4946535
File C:\Users\User\AppData\Local\Programs\Python\Python313\Lib\site-packages\PIL\XVThumbImagePlugin.py first seen with mtime 1743440488.4946535
File C:\Users\User\AppData\Local\Programs\Python\Python313\Lib\site-packages\PIL\FliImagePlugin.py first seen with mtime 1743440488.4674351
File C:\Users\User\AppData\Local\Programs\Python\Python313\Lib\site-packages\PIL\McIdasImagePlugin.py first seen with mtime 1743440488.4903827
File C:\Users\User\AppData\Local\Programs\Python\Python313\Lib\site-packages\PIL\PixarImagePlugin.py first seen with mtime 1743440488.4946535
File C:\Users\User\AppData\Local\Programs\Python\Python313\Lib\site-packages\PIL\CurImagePlugin.py first seen with mtime 1743440488.4674351
File C:\Users\User\AppData\Local\Programs\Python\Python313\Lib\site-packages\PIL\BufrStubImagePlugin.py first seen with mtime 1743440488.4619565
File C:\Users\User\AppData\Local\Programs\Python\Python313\Lib\site-packages\PIL\XbmImagePlugin.py first seen with mtime 1743440488.4946535
File C:\Users\User\AppData\Local\Programs\Python\Python313\Lib\site-packages\PIL\IcnsImagePlugin.py first seen with mtime 1743440488.4674351
File C:\Users\User\AppData\Local\Programs\Python\Python313\Lib\site-packages\PIL\ImImagePlugin.py first seen with mtime 1743440488.4674351
File C:\Users\User\AppData\Local\Programs\Python\Python313\Lib\site-packages\PIL\WmfImagePlugin.py first seen with mtime 1743440488.4946535
File C:\Users\User\AppData\Local\Programs\Python\Python313\Lib\site-packages\PIL\_webp.cp313-win_amd64.pyd first seen with mtime 1743440488.540234
File C:\Users\User\AppData\Local\Programs\Python\Python313\Lib\site-packages\PIL\DdsImagePlugin.py first seen with mtime 1743440488.4674351
File C:\Users\User\AppData\Local\Programs\Python\Python313\Lib\site-packages\PIL\PpmImagePlugin.py first seen with mtime 1743440488.4946535
File C:\Users\User\AppData\Local\Programs\Python\Python313\Lib\site-packages\PIL\TiffImagePlugin.py first seen with mtime 1743440488.4946535
File C:\Users\User\AppData\Local\Programs\Python\Python313\Lib\site-packages\PIL\ImageFile.py first seen with mtime 1743440488.4779267
File C:\Users\User\AppData\Local\Programs\Python\Python313\Lib\site-packages\PIL\ImageColor.py first seen with mtime 1743440488.4779267
File C:\Users\User\AppData\Local\Programs\Python\Python313\Lib\site-packages\PIL\MspImagePlugin.py first seen with mtime 1743440488.4927375
File C:\Users\User\AppData\Local\Programs\Python\Python313\Lib\site-packages\PIL\SgiImagePlugin.py first seen with mtime 1743440488.4946535
File C:\Users\User\AppData\Local\Programs\Python\Python313\Lib\site-packages\PIL\ImtImagePlugin.py first seen with mtime 1743440488.4779267
File C:\Users\User\AppData\Local\Programs\Python\Python313\Lib\site-packages\PIL\GbrImagePlugin.py first seen with mtime 1743440488.4674351
File C:\Users\User\AppData\Local\Programs\Python\Python313\Lib\site-packages\PIL\GifImagePlugin.py first seen with mtime 1743440488.4674351
File C:\Users\User\AppData\Local\Programs\Python\Python313\Lib\site-packages\PIL\MpoImagePlugin.py first seen with mtime 1743440488.4927375
File C:\Users\User\AppData\Local\Programs\Python\Python313\Lib\site-packages\PIL\Hdf5StubImagePlugin.py first seen with mtime 1743440488.4674351
File C:\Users\User\AppData\Local\Programs\Python\Python313\Lib\site-packages\PIL\GribStubImagePlugin.py first seen with mtime 1743440488.4674351
File C:\Users\User\AppData\Local\Programs\Python\Python313\Lib\site-packages\PIL\Jpeg2KImagePlugin.py first seen with mtime 1743440488.4779267
File C:\Users\User\AppData\Local\Programs\Python\Python313\Lib\site-packages\PIL\PcdImagePlugin.py first seen with mtime 1743440488.4946535
File C:\Users\User\AppData\Local\Programs\Python\Python313\Lib\site-packages\PIL\SpiderImagePlugin.py first seen with mtime 1743440488.4946535
File C:\Users\User\AppData\Local\Programs\Python\Python313\Lib\site-packages\PIL\DcxImagePlugin.py first seen with mtime 1743440488.4674351
File C:\Users\User\AppData\Local\Programs\Python\Python313\Lib\site-packages\PIL\FtexImagePlugin.py first seen with mtime 1743440488.4674351
File C:\Users\User\AppData\Local\Programs\Python\Python313\Lib\site-packages\PIL\_imagingmath.cp313-win_amd64.pyd first seen with mtime 1743440488.5243056
File C:\Users\User\AppData\Local\Programs\Python\Python313\Lib\site-packages\PIL\BlpImagePlugin.py first seen with mtime 1743440488.4619565
File C:\Users\User\AppData\Local\Programs\Python\Python313\Lib\site-packages\PIL\ImageOps.py first seen with mtime 1743440488.4779267
File C:\Users\User\AppData\Local\Programs\Python\Python313\Lib\site-packages\PIL\XpmImagePlugin.py first seen with mtime 1743440488.4946535
File C:\Users\User\AppData\Local\Programs\Python\Python313\Lib\site-packages\PIL\JpegImagePlugin.py first seen with mtime 1743440488.4903827
File C:\Users\User\AppData\Local\Programs\Python\Python313\Lib\site-packages\PIL\GimpGradientFile.py first seen with mtime 1743440488.4674351
File C:\Users\User\AppData\Local\Programs\Python\Python313\Lib\site-packages\PIL\GimpPaletteFile.py first seen with mtime 1743440488.4674351
File C:\Users\User\AppData\Local\Programs\Python\Python313\Lib\site-packages\PIL\TgaImagePlugin.py first seen with mtime 1743440488.4946535
File C:\Users\User\AppData\Local\Programs\Python\Python313\Lib\site-packages\PIL\ImageSequence.py first seen with mtime 1743440488.4779267
File C:\Users\User\AppData\Local\Programs\Python\Python313\Lib\site-packages\PIL\ImageChops.py first seen with mtime 1743440488.4779267
File C:\Users\User\AppData\Local\Programs\Python\Python313\Lib\site-packages\PIL\features.py first seen with mtime 1743440488.540234
File C:\Users\User\AppData\Local\Programs\Python\Python313\Lib\site-packages\PIL\WebPImagePlugin.py first seen with mtime 1743440488.4946535
File C:\Users\User\AppData\Local\Programs\Python\Python313\Lib\site-packages\PIL\BmpImagePlugin.py first seen with mtime 1743440488.4619565
File C:\Users\User\AppData\Local\Programs\Python\Python313\Lib\site-packages\PIL\EpsImagePlugin.py first seen with mtime 1743440488.4674351
File C:\Users\User\AppData\Local\Programs\Python\Python313\Lib\site-packages\PIL\IcoImagePlugin.py first seen with mtime 1743440488.4674351
File C:\Users\User\AppData\Local\Programs\Python\Python313\Lib\site-packages\PIL\SunImagePlugin.py first seen with mtime 1743440488.4946535
File C:\Users\User\AppData\Local\Programs\Python\Python313\Lib\site-packages\PIL\ImagePalette.py first seen with mtime 1743440488.4779267
File C:\Users\User\AppData\Local\Programs\Python\Python313\Lib\site-packages\PIL\IptcImagePlugin.py first seen with mtime 1743440488.4779267
(0.001) SELECT "django_session"."session_key", "django_session"."session_data", "django_session"."expire_date" FROM "django_session" WHERE ("django_session"."expire_date" > '2025-04-14 22:59:55.662784' AND "django_session"."session_key" = 'vl2ckpszzu30htybzcut5laprcsbb394') LIMIT 21; args=('2025-04-14 22:59:55.662784', 'vl2ckpszzu30htybzcut5laprcsbb394'); alias=default
(0.000) SELECT "core_user"."id", "core_user"."password", "core_user"."last_login", "core_user"."is_superuser", "core_user"."username", "core_user"."first_name", "core_user"."last_name", "core_user"."email", "core_user"."is_staff", "core_user"."is_active", "core_user"."date_joined", "core_user"."avatar", "core_user"."bio" FROM "core_user" WHERE "core_user"."id" = 5 LIMIT 21; args=(5,); alias=default
(0.000) SELECT "core_post"."id", "core_post"."user_id", "core_post"."image", "core_post"."caption", "core_post"."created_at" FROM "core_post" ORDER BY "core_post"."created_at" DESC; args=(); alias=default
(0.000) SELECT "core_user"."id", "core_user"."password", "core_user"."last_login", "core_user"."is_superuser", "core_user"."username", "core_user"."first_name", "core_user"."last_name", "core_user"."email", "core_user"."is_staff", "core_user"."is_active", "core_user"."date_joined", "core_user"."avatar", "core_user"."bio" FROM "core_user" WHERE "core_user"."id" = 5 LIMIT 21; args=(5,); alias=default
(0.000) SELECT "core_like"."id", "core_like"."user_id", "core_like"."post_id", "core_like"."created_at" FROM "core_like" WHERE "core_like"."post_id" = 5; args=(5,); alias=default
(0.000) SELECT COUNT(*) AS "__count" FROM "core_like" WHERE "core_like"."post_id" = 5; args=(5,); alias=default
(0.000) SELECT "core_comment"."id", "core_comment"."user_id", "core_comment"."post_id", "core_comment"."text", "core_comment"."created_at" FROM "core_comment" WHERE "core_comment"."post_id" = 5 LIMIT 3; args=(5,); alias=default
(0.000) SELECT COUNT(*) AS "__count" FROM "core_comment" WHERE "core_comment"."post_id" = 5; args=(5,); alias=default
(0.000) SELECT "core_user"."id", "core_user"."password", "core_user"."last_login", "core_user"."is_superuser", "core_user"."username", "core_user"."first_name", "core_user"."last_name", "core_user"."email", "core_user"."is_staff", "core_user"."is_active", "core_user"."date_joined", "core_user"."avatar", "core_user"."bio" FROM "core_user" WHERE "core_user"."id" = 2 LIMIT 21; args=(2,); alias=default
(0.000) SELECT "core_like"."id", "core_like"."user_id", "core_like"."post_id", "core_like"."created_at" FROM "core_like" WHERE "core_like"."post_id" = 4; args=(4,); alias=default
(0.000) SELECT COUNT(*) AS "__count" FROM "core_like" WHERE "core_like"."post_id" = 4; args=(4,); alias=default
(0.000) SELECT "core_comment"."id", "core_comment"."user_id", "core_comment"."post_id", "core_comment"."text", "core_comment"."created_at" FROM "core_comment" WHERE "core_comment"."post_id" = 4 LIMIT 3; args=(4,); alias=default
(0.000) SELECT "core_user"."id", "core_user"."password", "core_user"."last_login", "core_user"."is_superuser", "core_user"."username", "core_user"."first_name", "core_user"."last_name", "core_user"."email", "core_user"."is_staff", "core_user"."is_active", "core_user"."date_joined", "core_user"."avatar", "core_user"."bio" FROM "core_user" WHERE "core_user"."id" = 4 LIMIT 21; args=(4,); alias=default
(0.000) SELECT COUNT(*) AS "__count" FROM "core_comment" WHERE "core_comment"."post_id" = 4; args=(4,); alias=default
(0.000) SELECT "core_user"."id", "core_user"."password", "core_user"."last_login", "core_user"."is_superuser", "core_user"."username", "core_user"."first_name", "core_user"."last_name", "core_user"."email", "core_user"."is_staff", "core_user"."is_active", "core_user"."date_joined", "core_user"."avatar", "core_user"."bio" FROM "core_user" WHERE "core_user"."id" = 2 LIMIT 21; args=(2,); alias=default
(0.000) SELECT "core_like"."id", "core_like"."user_id", "core_like"."post_id", "core_like"."created_at" FROM "core_like" WHERE "core_like"."post_id" = 3; args=(3,); alias=default
(0.000) SELECT COUNT(*) AS "__count" FROM "core_like" WHERE "core_like"."post_id" = 3; args=(3,); alias=default
(0.000) SELECT "core_comment"."id", "core_comment"."user_id", "core_comment"."post_id", "core_comment"."text", "core_comment"."created_at" FROM "core_comment" WHERE "core_comment"."post_id" = 3 LIMIT 3; args=(3,); alias=default
(0.000) SELECT "core_user"."id", "core_user"."password", "core_user"."last_login", "core_user"."is_superuser", "core_user"."username", "core_user"."first_name", "core_user"."last_name", "core_user"."email", "core_user"."is_staff", "core_user"."is_active", "core_user"."date_joined", "core_user"."avatar", "core_user"."bio" FROM "core_user" WHERE "core_user"."id" = 2 LIMIT 21; args=(2,); alias=default
(0.000) SELECT COUNT(*) AS "__count" FROM "core_comment" WHERE "core_comment"."post_id" = 3; args=(3,); alias=default
(0.000) SELECT "core_user"."id", "core_user"."password", "core_user"."last_login", "core_user"."is_superuser", "core_user"."username", "core_user"."first_name", "core_user"."last_name", "core_user"."email", "core_user"."is_staff", "core_user"."is_active", "core_user"."date_joined", "core_user"."avatar", "core_user"."bio" FROM "core_user" WHERE "core_user"."id" = 2 LIMIT 21; args=(2,); alias=default
(0.000) SELECT "core_like"."id", "core_like"."user_id", "core_like"."post_id", "core_like"."created_at" FROM "core_like" WHERE "core_like"."post_id" = 2; args=(2,); alias=default
(0.000) SELECT COUNT(*) AS "__count" FROM "core_like" WHERE "core_like"."post_id" = 2; args=(2,); alias=default
(0.000) SELECT "core_comment"."id", "core_comment"."user_id", "core_comment"."post_id", "core_comment"."text", "core_comment"."created_at" FROM "core_comment" WHERE "core_comment"."post_id" = 2 LIMIT 3; args=(2,); alias=default
(0.000) SELECT COUNT(*) AS "__count" FROM "core_comment" WHERE "core_comment"."post_id" = 2; args=(2,); alias=default
(0.000) SELECT "core_user"."id", "core_user"."password", "core_user"."last_login", "core_user"."is_superuser", "core_user"."username", "core_user"."first_name", "core_user"."last_name", "core_user"."email", "core_user"."is_staff", "core_user"."is_active", "core_user"."date_joined", "core_user"."avatar", "core_user"."bio" FROM "core_user" WHERE "core_user"."id" = 3 LIMIT 21; args=(3,); alias=default
(0.000) SELECT "core_like"."id", "core_like"."user_id", "core_like"."post_id", "core_like"."created_at" FROM "core_like" WHERE "core_like"."post_id" = 1; args=(1,); alias=default
(0.000) SELECT COUNT(*) AS "__count" FROM "core_like" WHERE "core_like"."post_id" = 1; args=(1,); alias=default
(0.000) SELECT "core_comment"."id", "core_comment"."user_id", "core_comment"."post_id", "core_comment"."text", "core_comment"."created_at" FROM "core_comment" WHERE "core_comment"."post_id" = 1 LIMIT 3; args=(1,); alias=default
(0.000) SELECT "core_user"."id", "core_user"."password", "core_user"."last_login", "core_user"."is_superuser", "core_user"."username", "core_user"."first_name", "core_user"."last_name", "core_user"."email", "core_user"."is_staff", "core_user"."is_active", "core_user"."date_joined", "core_user"."avatar", "core_user"."bio" FROM "core_user" WHERE "core_user"."id" = 2 LIMIT 21; args=(2,); alias=default
(0.000) SELECT COUNT(*) AS "__count" FROM "core_comment" WHERE "core_comment"."post_id" = 1; args=(1,); alias=default
"GET / HTTP/1.1" 200 14113
Exception while resolving variable 'name' in template 'unknown'.
Traceback (most recent call last):
  File "C:\Users\User\AppData\Local\Programs\Python\Python313\Lib\site-packages\django\core\handlers\exception.py", line 55, in inner
    response = get_response(request)
  File "C:\Users\User\AppData\Local\Programs\Python\Python313\Lib\site-packages\django\core\handlers\base.py", line 197, in _get_response
    response = wrapped_callback(request, *callback_args, **callback_kwargs)
  File "C:\Users\User\AppData\Local\Programs\Python\Python313\Lib\site-packages\django\views\static.py", line 51, in serve
    raise Http404(_("“%(path)s” does not exist") % {"path": fullpath})
django.http.response.Http404: “C:\Users\User\Downloads\bannedgram-alex (1)\bannedgram-alex\banned_gram\media\posts\photo_5271831193882574932_y.jpg” does not exist

During handling of the above exception, another exception occurred:

Traceback (most recent call last):
  File "C:\Users\User\AppData\Local\Programs\Python\Python313\Lib\site-packages\django\template\base.py", line 883, in _resolve_lookup
    current = current[bit]
              ~~~~~~~^^^^^
TypeError: 'URLResolver' object is not subscriptable

During handling of the above exception, another exception occurred:

Traceback (most recent call last):
  File "C:\Users\User\AppData\Local\Programs\Python\Python313\Lib\site-packages\django\template\base.py", line 893, in _resolve_lookup
    current = getattr(current, bit)
AttributeError: 'URLResolver' object has no attribute 'name'

During handling of the above exception, another exception occurred:

Traceback (most recent call last):
  File "C:\Users\User\AppData\Local\Programs\Python\Python313\Lib\site-packages\django\template\base.py", line 899, in _resolve_lookup
    current = current[int(bit)]
                      ~~~^^^^^
ValueError: invalid literal for int() with base 10: 'name'

During handling of the above exception, another exception occurred:

Traceback (most recent call last):
  File "C:\Users\User\AppData\Local\Programs\Python\Python313\Lib\site-packages\django\template\base.py", line 906, in _resolve_lookup
    raise VariableDoesNotExist(
    ^^^^^^^^^^^^^^^^^^^^^^^^^^^
    ...<2 lines>...
    )  # missing attribute
    ^
django.template.base.VariableDoesNotExist: Failed lookup for key [name] in <URLResolver <URLPattern list> (admin:admin) 'admin/'>
"GET /media/posts/f3988fd5-db94-42cd-8342-a4007d4fed36.jpg HTTP/1.1" 304 0
Exception while resolving variable 'name' in template 'unknown'.
Traceback (most recent call last):
  File "C:\Users\User\AppData\Local\Programs\Python\Python313\Lib\site-packages\django\core\handlers\exception.py", line 55, in inner
    response = get_response(request)
  File "C:\Users\User\AppData\Local\Programs\Python\Python313\Lib\site-packages\django\core\handlers\base.py", line 197, in _get_response
    response = wrapped_callback(request, *callback_args, **callback_kwargs)
  File "C:\Users\User\AppData\Local\Programs\Python\Python313\Lib\site-packages\django\views\static.py", line 51, in serve
    raise Http404(_("“%(path)s” does not exist") % {"path": fullpath})
django.http.response.Http404: “C:\Users\User\Downloads\bannedgram-alex (1)\bannedgram-alex\banned_gram\media\posts\photo_5271831193882574932_y.jpg” does not exist

During handling of the above exception, another exception occurred:

Traceback (most recent call last):
  File "C:\Users\User\AppData\Local\Programs\Python\Python313\Lib\site-packages\django\template\base.py", line 883, in _resolve_lookup
    current = current[bit]
              ~~~~~~~^^^^^
TypeError: 'URLResolver' object is not subscriptable

During handling of the above exception, another exception occurred:

Traceback (most recent call last):
  File "C:\Users\User\AppData\Local\Programs\Python\Python313\Lib\site-packages\django\template\base.py", line 893, in _resolve_lookup
    current = getattr(current, bit)
AttributeError: 'URLResolver' object has no attribute 'name'

During handling of the above exception, another exception occurred:

Traceback (most recent call last):
  File "C:\Users\User\AppData\Local\Programs\Python\Python313\Lib\site-packages\django\template\base.py", line 899, in _resolve_lookup
    current = current[int(bit)]
                      ~~~^^^^^
ValueError: invalid literal for int() with base 10: 'name'

During handling of the above exception, another exception occurred:

Traceback (most recent call last):
  File "C:\Users\User\AppData\Local\Programs\Python\Python313\Lib\site-packages\django\template\base.py", line 906, in _resolve_lookup
    raise VariableDoesNotExist(
    ^^^^^^^^^^^^^^^^^^^^^^^^^^^
    ...<2 lines>...
    )  # missing attribute
    ^
django.template.base.VariableDoesNotExist: Failed lookup for key [name] in <URLResolver <module 'django.contrib.auth.urls' from 'C:\\Users\\User\\AppData\\Local\\Programs\\Python\\Python313\\Lib\\site-packages\\django\\contrib\\auth\\urls.py'> (None:None) 'accounts/'>
Exception while resolving variable 'name' in template 'unknown'.
Traceback (most recent call last):
  File "C:\Users\User\AppData\Local\Programs\Python\Python313\Lib\site-packages\django\core\handlers\exception.py", line 55, in inner
    response = get_response(request)
  File "C:\Users\User\AppData\Local\Programs\Python\Python313\Lib\site-packages\django\core\handlers\base.py", line 197, in _get_response
    response = wrapped_callback(request, *callback_args, **callback_kwargs)
  File "C:\Users\User\AppData\Local\Programs\Python\Python313\Lib\site-packages\django\views\static.py", line 51, in serve
    raise Http404(_("“%(path)s” does not exist") % {"path": fullpath})
django.http.response.Http404: “C:\Users\User\Downloads\bannedgram-alex (1)\bannedgram-alex\banned_gram\media\posts\photo_5271831193882574932_y.jpg” does not exist

During handling of the above exception, another exception occurred:

Traceback (most recent call last):
  File "C:\Users\User\AppData\Local\Programs\Python\Python313\Lib\site-packages\django\template\base.py", line 883, in _resolve_lookup
    current = current[bit]
              ~~~~~~~^^^^^
TypeError: 'URLResolver' object is not subscriptable

During handling of the above exception, another exception occurred:

Traceback (most recent call last):
  File "C:\Users\User\AppData\Local\Programs\Python\Python313\Lib\site-packages\django\template\base.py", line 893, in _resolve_lookup
    current = getattr(current, bit)
AttributeError: 'URLResolver' object has no attribute 'name'

During handling of the above exception, another exception occurred:

Traceback (most recent call last):
  File "C:\Users\User\AppData\Local\Programs\Python\Python313\Lib\site-packages\django\template\base.py", line 899, in _resolve_lookup
    current = current[int(bit)]
                      ~~~^^^^^
ValueError: invalid literal for int() with base 10: 'name'

During handling of the above exception, another exception occurred:

Traceback (most recent call last):
  File "C:\Users\User\AppData\Local\Programs\Python\Python313\Lib\site-packages\django\template\base.py", line 906, in _resolve_lookup
    raise VariableDoesNotExist(
    ^^^^^^^^^^^^^^^^^^^^^^^^^^^
    ...<2 lines>...
    )  # missing attribute
    ^
django.template.base.VariableDoesNotExist: Failed lookup for key [name] in <URLResolver <module 'core.urls' from 'C:\\Users\\User\\Downloads\\bannedgram-alex (1)\\bannedgram-alex\\banned_gram\\core\\urls.py'> (None:None) 'accounts/'>
Not Found: /media/posts/photo_5271831193882574932_y.jpg
"GET /media/posts/photo_5271831193882574932_y.jpg HTTP/1.1" 404 6550
File C:\Users\User\AppData\Local\Programs\Python\Python313\Lib\site-packages\django\conf\locale\en\__init__.py first seen with mtime 1743440447.035722
File C:\Users\User\AppData\Local\Programs\Python\Python313\Lib\site-packages\django\conf\locale\en\formats.py first seen with mtime 1743440447.035722
(0.001) SELECT "django_session"."session_key", "django_session"."session_data", "django_session"."expire_date" FROM "django_session" WHERE ("django_session"."expire_date" > '2025-04-14 23:00:07.194366' AND "django_session"."session_key" = 'vl2ckpszzu30htybzcut5laprcsbb394') LIMIT 21; args=('2025-04-14 23:00:07.194366', 'vl2ckpszzu30htybzcut5laprcsbb394'); alias=default
(0.000) SELECT "core_user"."id", "core_user"."password", "core_user"."last_login", "core_user"."is_superuser", "core_user"."username", "core_user"."first_name", "core_user"."last_name", "core_user"."email", "core_user"."is_staff", "core_user"."is_active", "core_user"."date_joined", "core_user"."avatar", "core_user"."bio" FROM "core_user" WHERE "core_user"."id" = 5 LIMIT 21; args=(5,); alias=default
(0.000) SELECT "core_post"."id", "core_post"."user_id", "core_post"."image", "core_post"."caption", "core_post"."created_at" FROM "core_post" WHERE "core_post"."id" = 5 LIMIT 21; args=(5,); alias=default
(0.001) INSERT INTO "core_comment" ("user_id", "post_id", "text", "created_at") VALUES (5, 5, 'lol', '2025-04-14 23:00:07.198655') RETURNING "core_comment"."id"; args=(5, 5, 'lol', '2025-04-14 23:00:07.198655'); alias=default
"POST /comment/5/ HTTP/1.1" 302 0
(0.000) SELECT "django_session"."session_key", "django_session"."session_data", "django_session"."expire_date" FROM "django_session" WHERE ("django_session"."expire_date" > '2025-04-14 23:00:07.206500' AND "django_session"."session_key" = 'vl2ckpszzu30htybzcut5laprcsbb394') LIMIT 21; args=('2025-04-14 23:00:07.206500', 'vl2ckpszzu30htybzcut5laprcsbb394'); alias=default
(0.000) SELECT "core_user"."id", "core_user"."password", "core_user"."last_login", "core_user"."is_superuser", "core_user"."username", "core_user"."first_name", "core_user"."last_name", "core_user"."email", "core_user"."is_staff", "core_user"."is_active", "core_user"."date_joined", "core_user"."avatar", "core_user"."bio" FROM "core_user" WHERE "core_user"."id" = 5 LIMIT 21; args=(5,); alias=default
(0.000) SELECT "core_post"."id", "core_post"."user_id", "core_post"."image", "core_post"."caption", "core_post"."created_at" FROM "core_post" ORDER BY "core_post"."created_at" DESC; args=(); alias=default
(0.000) SELECT "core_user"."id", "core_user"."password", "core_user"."last_login", "core_user"."is_superuser", "core_user"."username", "core_user"."first_name", "core_user"."last_name", "core_user"."email", "core_user"."is_staff", "core_user"."is_active", "core_user"."date_joined", "core_user"."avatar", "core_user"."bio" FROM "core_user" WHERE "core_user"."id" = 5 LIMIT 21; args=(5,); alias=default
(0.000) SELECT "core_like"."id", "core_like"."user_id", "core_like"."post_id", "core_like"."created_at" FROM "core_like" WHERE "core_like"."post_id" = 5; args=(5,); alias=default
(0.000) SELECT COUNT(*) AS "__count" FROM "core_like" WHERE "core_like"."post_id" = 5; args=(5,); alias=default
(0.000) SELECT "core_comment"."id", "core_comment"."user_id", "core_comment"."post_id", "core_comment"."text", "core_comment"."created_at" FROM "core_comment" WHERE "core_comment"."post_id" = 5 LIMIT 3; args=(5,); alias=default
(0.000) SELECT "core_user"."id", "core_user"."password", "core_user"."last_login", "core_user"."is_superuser", "core_user"."username", "core_user"."first_name", "core_user"."last_name", "core_user"."email", "core_user"."is_staff", "core_user"."is_active", "core_user"."date_joined", "core_user"."avatar", "core_user"."bio" FROM "core_user" WHERE "core_user"."id" = 5 LIMIT 21; args=(5,); alias=default
(0.000) SELECT COUNT(*) AS "__count" FROM "core_comment" WHERE "core_comment"."post_id" = 5; args=(5,); alias=default
(0.000) SELECT "core_user"."id", "core_user"."password", "core_user"."last_login", "core_user"."is_superuser", "core_user"."username", "core_user"."first_name", "core_user"."last_name", "core_user"."email", "core_user"."is_staff", "core_user"."is_active", "core_user"."date_joined", "core_user"."avatar", "core_user"."bio" FROM "core_user" WHERE "core_user"."id" = 2 LIMIT 21; args=(2,); alias=default
(0.000) SELECT "core_like"."id", "core_like"."user_id", "core_like"."post_id", "core_like"."created_at" FROM "core_like" WHERE "core_like"."post_id" = 4; args=(4,); alias=default
(0.000) SELECT COUNT(*) AS "__count" FROM "core_like" WHERE "core_like"."post_id" = 4; args=(4,); alias=default
(0.000) SELECT "core_comment"."id", "core_comment"."user_id", "core_comment"."post_id", "core_comment"."text", "core_comment"."created_at" FROM "core_comment" WHERE "core_comment"."post_id" = 4 LIMIT 3; args=(4,); alias=default
(0.000) SELECT "core_user"."id", "core_user"."password", "core_user"."last_login", "core_user"."is_superuser", "core_user"."username", "core_user"."first_name", "core_user"."last_name", "core_user"."email", "core_user"."is_staff", "core_user"."is_active", "core_user"."date_joined", "core_user"."avatar", "core_user"."bio" FROM "core_user" WHERE "core_user"."id" = 4 LIMIT 21; args=(4,); alias=default
(0.000) SELECT COUNT(*) AS "__count" FROM "core_comment" WHERE "core_comment"."post_id" = 4; args=(4,); alias=default
(0.000) SELECT "core_user"."id", "core_user"."password", "core_user"."last_login", "core_user"."is_superuser", "core_user"."username", "core_user"."first_name", "core_user"."last_name", "core_user"."email", "core_user"."is_staff", "core_user"."is_active", "core_user"."date_joined", "core_user"."avatar", "core_user"."bio" FROM "core_user" WHERE "core_user"."id" = 2 LIMIT 21; args=(2,); alias=default
(0.000) SELECT "core_like"."id", "core_like"."user_id", "core_like"."post_id", "core_like"."created_at" FROM "core_like" WHERE "core_like"."post_id" = 3; args=(3,); alias=default
(0.000) SELECT COUNT(*) AS "__count" FROM "core_like" WHERE "core_like"."post_id" = 3; args=(3,); alias=default
(0.000) SELECT "core_comment"."id", "core_comment"."user_id", "core_comment"."post_id", "core_comment"."text", "core_comment"."created_at" FROM "core_comment" WHERE "core_comment"."post_id" = 3 LIMIT 3; args=(3,); alias=default
(0.000) SELECT "core_user"."id", "core_user"."password", "core_user"."last_login", "core_user"."is_superuser", "core_user"."username", "core_user"."first_name", "core_user"."last_name", "core_user"."email", "core_user"."is_staff", "core_user"."is_active", "core_user"."date_joined", "core_user"."avatar", "core_user"."bio" FROM "core_user" WHERE "core_user"."id" = 2 LIMIT 21; args=(2,); alias=default
(0.000) SELECT COUNT(*) AS "__count" FROM "core_comment" WHERE "core_comment"."post_id" = 3; args=(3,); alias=default
(0.000) SELECT "core_user"."id", "core_user"."password", "core_user"."last_login", "core_user"."is_superuser", "core_user"."username", "core_user"."first_name", "core_user"."last_name", "core_user"."email", "core_user"."is_staff", "core_user"."is_active", "core_user"."date_joined", "core_user"."avatar", "core_user"."bio" FROM "core_user" WHERE "core_user"."id" = 2 LIMIT 21; args=(2,); alias=default
(0.000) SELECT "core_like"."id", "core_like"."user_id", "core_like"."post_id", "core_like"."created_at" FROM "core_like" WHERE "core_like"."post_id" = 2; args=(2,); alias=default
(0.000) SELECT COUNT(*) AS "__count" FROM "core_like" WHERE "core_like"."post_id" = 2; args=(2,); alias=default
(0.000) SELECT "core_comment"."id", "core_comment"."user_id", "core_comment"."post_id", "core_comment"."text", "core_comment"."created_at" FROM "core_comment" WHERE "core_comment"."post_id" = 2 LIMIT 3; args=(2,); alias=default
(0.000) SELECT COUNT(*) AS "__count" FROM "core_comment" WHERE "core_comment"."post_id" = 2; args=(2,); alias=default
(0.000) SELECT "core_user"."id", "core_user"."password", "core_user"."last_login", "core_user"."is_superuser", "core_user"."username", "core_user"."first_name", "core_user"."last_name", "core_user"."email", "core_user"."is_staff", "core_user"."is_active", "core_user"."date_joined", "core_user"."avatar", "core_user"."bio" FROM "core_user" WHERE "core_user"."id" = 3 LIMIT 21; args=(3,); alias=default
(0.000) SELECT "core_like"."id", "core_like"."user_id", "core_like"."post_id", "core_like"."created_at" FROM "core_like" WHERE "core_like"."post_id" = 1; args=(1,); alias=default
(0.000) SELECT COUNT(*) AS "__count" FROM "core_like" WHERE "core_like"."post_id" = 1; args=(1,); alias=default
(0.000) SELECT "core_comment"."id", "core_comment"."user_id", "core_comment"."post_id", "core_comment"."text", "core_comment"."created_at" FROM "core_comment" WHERE "core_comment"."post_id" = 1 LIMIT 3; args=(1,); alias=default
(0.000) SELECT "core_user"."id", "core_user"."password", "core_user"."last_login", "core_user"."is_superuser", "core_user"."username", "core_user"."first_name", "core_user"."last_name", "core_user"."email", "core_user"."is_staff", "core_user"."is_active", "core_user"."date_joined", "core_user"."avatar", "core_user"."bio" FROM "core_user" WHERE "core_user"."id" = 2 LIMIT 21; args=(2,); alias=default
(0.000) SELECT COUNT(*) AS "__count" FROM "core_comment" WHERE "core_comment"."post_id" = 1; args=(1,); alias=default
"GET / HTTP/1.1" 200 14193
Exception while resolving variable 'name' in template 'unknown'.
Traceback (most recent call last):
  File "C:\Users\User\AppData\Local\Programs\Python\Python313\Lib\site-packages\django\core\handlers\exception.py", line 55, in inner
    response = get_response(request)
  File "C:\Users\User\AppData\Local\Programs\Python\Python313\Lib\site-packages\django\core\handlers\base.py", line 197, in _get_response
    response = wrapped_callback(request, *callback_args, **callback_kwargs)
  File "C:\Users\User\AppData\Local\Programs\Python\Python313\Lib\site-packages\django\views\static.py", line 51, in serve
    raise Http404(_("“%(path)s” does not exist") % {"path": fullpath})
django.http.response.Http404: “C:\Users\User\Downloads\bannedgram-alex (1)\bannedgram-alex\banned_gram\media\posts\photo_5271831193882574932_y.jpg” does not exist

During handling of the above exception, another exception occurred:

Traceback (most recent call last):
  File "C:\Users\User\AppData\Local\Programs\Python\Python313\Lib\site-packages\django\template\base.py", line 883, in _resolve_lookup
    current = current[bit]
              ~~~~~~~^^^^^
TypeError: 'URLResolver' object is not subscriptable

During handling of the above exception, another exception occurred:

Traceback (most recent call last):
  File "C:\Users\User\AppData\Local\Programs\Python\Python313\Lib\site-packages\django\template\base.py", line 893, in _resolve_lookup
    current = getattr(current, bit)
AttributeError: 'URLResolver' object has no attribute 'name'

During handling of the above exception, another exception occurred:

Traceback (most recent call last):
  File "C:\Users\User\AppData\Local\Programs\Python\Python313\Lib\site-packages\django\template\base.py", line 899, in _resolve_lookup
    current = current[int(bit)]
                      ~~~^^^^^
ValueError: invalid literal for int() with base 10: 'name'

During handling of the above exception, another exception occurred:

Traceback (most recent call last):
  File "C:\Users\User\AppData\Local\Programs\Python\Python313\Lib\site-packages\django\template\base.py", line 906, in _resolve_lookup
    raise VariableDoesNotExist(
    ^^^^^^^^^^^^^^^^^^^^^^^^^^^
    ...<2 lines>...
    )  # missing attribute
    ^
django.template.base.VariableDoesNotExist: Failed lookup for key [name] in <URLResolver <URLPattern list> (admin:admin) 'admin/'>
"GET /media/posts/f3988fd5-db94-42cd-8342-a4007d4fed36.jpg HTTP/1.1" 304 0
Exception while resolving variable 'name' in template 'unknown'.
Traceback (most recent call last):
  File "C:\Users\User\AppData\Local\Programs\Python\Python313\Lib\site-packages\django\core\handlers\exception.py", line 55, in inner
    response = get_response(request)
  File "C:\Users\User\AppData\Local\Programs\Python\Python313\Lib\site-packages\django\core\handlers\base.py", line 197, in _get_response
    response = wrapped_callback(request, *callback_args, **callback_kwargs)
  File "C:\Users\User\AppData\Local\Programs\Python\Python313\Lib\site-packages\django\views\static.py", line 51, in serve
    raise Http404(_("“%(path)s” does not exist") % {"path": fullpath})
django.http.response.Http404: “C:\Users\User\Downloads\bannedgram-alex (1)\bannedgram-alex\banned_gram\media\posts\photo_5271831193882574932_y.jpg” does not exist

During handling of the above exception, another exception occurred:

Traceback (most recent call last):
  File "C:\Users\User\AppData\Local\Programs\Python\Python313\Lib\site-packages\django\template\base.py", line 883, in _resolve_lookup
    current = current[bit]
              ~~~~~~~^^^^^
TypeError: 'URLResolver' object is not subscriptable

During handling of the above exception, another exception occurred:

Traceback (most recent call last):
  File "C:\Users\User\AppData\Local\Programs\Python\Python313\Lib\site-packages\django\template\base.py", line 893, in _resolve_lookup
    current = getattr(current, bit)
AttributeError: 'URLResolver' object has no attribute 'name'

During handling of the above exception, another exception occurred:

Traceback (most recent call last):
  File "C:\Users\User\AppData\Local\Programs\Python\Python313\Lib\site-packages\django\template\base.py", line 899, in _resolve_lookup
    current = current[int(bit)]
                      ~~~^^^^^
ValueError: invalid literal for int() with base 10: 'name'

During handling of the above exception, another exception occurred:

Traceback (most recent call last):
  File "C:\Users\User\AppData\Local\Programs\Python\Python313\Lib\site-packages\django\template\base.py", line 906, in _resolve_lookup
    raise VariableDoesNotExist(
    ^^^^^^^^^^^^^^^^^^^^^^^^^^^
    ...<2 lines>...
    )  # missing attribute
    ^
django.template.base.VariableDoesNotExist: Failed lookup for key [name] in <URLResolver <module 'django.contrib.auth.urls' from 'C:\\Users\\User\\AppData\\Local\\Programs\\Python\\Python313\\Lib\\site-packages\\django\\contrib\\auth\\urls.py'> (None:None) 'accounts/'>
Exception while resolving variable 'name' in template 'unknown'.
Traceback (most recent call last):
  File "C:\Users\User\AppData\Local\Programs\Python\Python313\Lib\site-packages\django\core\handlers\exception.py", line 55, in inner
    response = get_response(request)
  File "C:\Users\User\AppData\Local\Programs\Python\Python313\Lib\site-packages\django\core\handlers\base.py", line 197, in _get_response
    response = wrapped_callback(request, *callback_args, **callback_kwargs)
  File "C:\Users\User\AppData\Local\Programs\Python\Python313\Lib\site-packages\django\views\static.py", line 51, in serve
    raise Http404(_("“%(path)s” does not exist") % {"path": fullpath})
django.http.response.Http404: “C:\Users\User\Downloads\bannedgram-alex (1)\bannedgram-alex\banned_gram\media\posts\photo_5271831193882574932_y.jpg” does not exist

During handling of the above exception, another exception occurred:

Traceback (most recent call last):
  File "C:\Users\User\AppData\Local\Programs\Python\Python313\Lib\site-packages\django\template\base.py", line 883, in _resolve_lookup
    current = current[bit]
              ~~~~~~~^^^^^
TypeError: 'URLResolver' object is not subscriptable

During handling of the above exception, another exception occurred:

Traceback (most recent call last):
  File "C:\Users\User\AppData\Local\Programs\Python\Python313\Lib\site-packages\django\template\base.py", line 893, in _resolve_lookup
    current = getattr(current, bit)
AttributeError: 'URLResolver' object has no attribute 'name'

During handling of the above exception, another exception occurred:

Traceback (most recent call last):
  File "C:\Users\User\AppData\Local\Programs\Python\Python313\Lib\site-packages\django\template\base.py", line 899, in _resolve_lookup
    current = current[int(bit)]
                      ~~~^^^^^
ValueError: invalid literal for int() with base 10: 'name'

During handling of the above exception, another exception occurred:

Traceback (most recent call last):
  File "C:\Users\User\AppData\Local\Programs\Python\Python313\Lib\site-packages\django\template\base.py", line 906, in _resolve_lookup
    raise VariableDoesNotExist(
    ^^^^^^^^^^^^^^^^^^^^^^^^^^^
    ...<2 lines>...
    )  # missing attribute
    ^
django.template.base.VariableDoesNotExist: Failed lookup for key [name] in <URLResolver <module 'core.urls' from 'C:\\Users\\User\\Downloads\\bannedgram-alex (1)\\bannedgram-alex\\banned_gram\\core\\urls.py'> (None:None) 'accounts/'>
Not Found: /media/posts/photo_5271831193882574932_y.jpg
"GET /media/posts/photo_5271831193882574932_y.jpg HTTP/1.1" 404 6550
(0.000) SELECT "django_session"."session_key", "django_session"."session_data", "django_session"."expire_date" FROM "django_session" WHERE ("django_session"."expire_date" > '2025-04-14 23:00:10.756631' AND "django_session"."session_key" = 'vl2ckpszzu30htybzcut5laprcsbb394') LIMIT 21; args=('2025-04-14 23:00:10.756631', 'vl2ckpszzu30htybzcut5laprcsbb394'); alias=default
(0.000) SELECT "core_user"."id", "core_user"."password", "core_user"."last_login", "core_user"."is_superuser", "core_user"."username", "core_user"."first_name", "core_user"."last_name", "core_user"."email", "core_user"."is_staff", "core_user"."is_active", "core_user"."date_joined", "core_user"."avatar", "core_user"."bio" FROM "core_user" WHERE "core_user"."id" = 5 LIMIT 21; args=(5,); alias=default
(0.000) SELECT "core_user"."id", "core_user"."password", "core_user"."last_login", "core_user"."is_superuser", "core_user"."username", "core_user"."first_name", "core_user"."last_name", "core_user"."email", "core_user"."is_staff", "core_user"."is_active", "core_user"."date_joined", "core_user"."avatar", "core_user"."bio" FROM "core_user" WHERE "core_user"."username" = 'dimas' LIMIT 21; args=('dimas',); alias=default
(0.000) SELECT "core_post"."id", "core_post"."user_id", "core_post"."image", "core_post"."caption", "core_post"."created_at" FROM "core_post" WHERE "core_post"."user_id" = 5 ORDER BY "core_post"."created_at" DESC; args=(5,); alias=default
"GET /profile/ HTTP/1.1" 200 5721
"GET /media/posts/f3988fd5-db94-42cd-8342-a4007d4fed36.jpg HTTP/1.1" 304 0
(0.000) SELECT "django_session"."session_key", "django_session"."session_data", "django_session"."expire_date" FROM "django_session" WHERE ("django_session"."expire_date" > '2025-04-14 23:00:13.640743' AND "django_session"."session_key" = 'vl2ckpszzu30htybzcut5laprcsbb394') LIMIT 21; args=('2025-04-14 23:00:13.640743', 'vl2ckpszzu30htybzcut5laprcsbb394'); alias=default
(0.000) SELECT "core_user"."id", "core_user"."password", "core_user"."last_login", "core_user"."is_superuser", "core_user"."username", "core_user"."first_name", "core_user"."last_name", "core_user"."email", "core_user"."is_staff", "core_user"."is_active", "core_user"."date_joined", "core_user"."avatar", "core_user"."bio" FROM "core_user" WHERE "core_user"."id" = 5 LIMIT 21; args=(5,); alias=default
(0.000) SELECT "core_post"."id", "core_post"."user_id", "core_post"."image", "core_post"."caption", "core_post"."created_at" FROM "core_post" ORDER BY "core_post"."created_at" DESC; args=(); alias=default
(0.000) SELECT "core_user"."id", "core_user"."password", "core_user"."last_login", "core_user"."is_superuser", "core_user"."username", "core_user"."first_name", "core_user"."last_name", "core_user"."email", "core_user"."is_staff", "core_user"."is_active", "core_user"."date_joined", "core_user"."avatar", "core_user"."bio" FROM "core_user" WHERE "core_user"."id" = 5 LIMIT 21; args=(5,); alias=default
(0.000) SELECT "core_like"."id", "core_like"."user_id", "core_like"."post_id", "core_like"."created_at" FROM "core_like" WHERE "core_like"."post_id" = 5; args=(5,); alias=default
(0.000) SELECT COUNT(*) AS "__count" FROM "core_like" WHERE "core_like"."post_id" = 5; args=(5,); alias=default
(0.000) SELECT "core_comment"."id", "core_comment"."user_id", "core_comment"."post_id", "core_comment"."text", "core_comment"."created_at" FROM "core_comment" WHERE "core_comment"."post_id" = 5 LIMIT 3; args=(5,); alias=default
(0.000) SELECT "core_user"."id", "core_user"."password", "core_user"."last_login", "core_user"."is_superuser", "core_user"."username", "core_user"."first_name", "core_user"."last_name", "core_user"."email", "core_user"."is_staff", "core_user"."is_active", "core_user"."date_joined", "core_user"."avatar", "core_user"."bio" FROM "core_user" WHERE "core_user"."id" = 5 LIMIT 21; args=(5,); alias=default
(0.000) SELECT COUNT(*) AS "__count" FROM "core_comment" WHERE "core_comment"."post_id" = 5; args=(5,); alias=default
(0.000) SELECT "core_user"."id", "core_user"."password", "core_user"."last_login", "core_user"."is_superuser", "core_user"."username", "core_user"."first_name", "core_user"."last_name", "core_user"."email", "core_user"."is_staff", "core_user"."is_active", "core_user"."date_joined", "core_user"."avatar", "core_user"."bio" FROM "core_user" WHERE "core_user"."id" = 2 LIMIT 21; args=(2,); alias=default
(0.000) SELECT "core_like"."id", "core_like"."user_id", "core_like"."post_id", "core_like"."created_at" FROM "core_like" WHERE "core_like"."post_id" = 4; args=(4,); alias=default
(0.000) SELECT COUNT(*) AS "__count" FROM "core_like" WHERE "core_like"."post_id" = 4; args=(4,); alias=default
(0.000) SELECT "core_comment"."id", "core_comment"."user_id", "core_comment"."post_id", "core_comment"."text", "core_comment"."created_at" FROM "core_comment" WHERE "core_comment"."post_id" = 4 LIMIT 3; args=(4,); alias=default
(0.000) SELECT "core_user"."id", "core_user"."password", "core_user"."last_login", "core_user"."is_superuser", "core_user"."username", "core_user"."first_name", "core_user"."last_name", "core_user"."email", "core_user"."is_staff", "core_user"."is_active", "core_user"."date_joined", "core_user"."avatar", "core_user"."bio" FROM "core_user" WHERE "core_user"."id" = 4 LIMIT 21; args=(4,); alias=default
(0.000) SELECT COUNT(*) AS "__count" FROM "core_comment" WHERE "core_comment"."post_id" = 4; args=(4,); alias=default
(0.000) SELECT "core_user"."id", "core_user"."password", "core_user"."last_login", "core_user"."is_superuser", "core_user"."username", "core_user"."first_name", "core_user"."last_name", "core_user"."email", "core_user"."is_staff", "core_user"."is_active", "core_user"."date_joined", "core_user"."avatar", "core_user"."bio" FROM "core_user" WHERE "core_user"."id" = 2 LIMIT 21; args=(2,); alias=default
(0.000) SELECT "core_like"."id", "core_like"."user_id", "core_like"."post_id", "core_like"."created_at" FROM "core_like" WHERE "core_like"."post_id" = 3; args=(3,); alias=default
(0.000) SELECT COUNT(*) AS "__count" FROM "core_like" WHERE "core_like"."post_id" = 3; args=(3,); alias=default
(0.000) SELECT "core_comment"."id", "core_comment"."user_id", "core_comment"."post_id", "core_comment"."text", "core_comment"."created_at" FROM "core_comment" WHERE "core_comment"."post_id" = 3 LIMIT 3; args=(3,); alias=default
(0.000) SELECT "core_user"."id", "core_user"."password", "core_user"."last_login", "core_user"."is_superuser", "core_user"."username", "core_user"."first_name", "core_user"."last_name", "core_user"."email", "core_user"."is_staff", "core_user"."is_active", "core_user"."date_joined", "core_user"."avatar", "core_user"."bio" FROM "core_user" WHERE "core_user"."id" = 2 LIMIT 21; args=(2,); alias=default
(0.000) SELECT COUNT(*) AS "__count" FROM "core_comment" WHERE "core_comment"."post_id" = 3; args=(3,); alias=default
(0.000) SELECT "core_user"."id", "core_user"."password", "core_user"."last_login", "core_user"."is_superuser", "core_user"."username", "core_user"."first_name", "core_user"."last_name", "core_user"."email", "core_user"."is_staff", "core_user"."is_active", "core_user"."date_joined", "core_user"."avatar", "core_user"."bio" FROM "core_user" WHERE "core_user"."id" = 2 LIMIT 21; args=(2,); alias=default
(0.000) SELECT "core_like"."id", "core_like"."user_id", "core_like"."post_id", "core_like"."created_at" FROM "core_like" WHERE "core_like"."post_id" = 2; args=(2,); alias=default
(0.000) SELECT COUNT(*) AS "__count" FROM "core_like" WHERE "core_like"."post_id" = 2; args=(2,); alias=default
(0.000) SELECT "core_comment"."id", "core_comment"."user_id", "core_comment"."post_id", "core_comment"."text", "core_comment"."created_at" FROM "core_comment" WHERE "core_comment"."post_id" = 2 LIMIT 3; args=(2,); alias=default
(0.000) SELECT COUNT(*) AS "__count" FROM "core_comment" WHERE "core_comment"."post_id" = 2; args=(2,); alias=default
(0.000) SELECT "core_user"."id", "core_user"."password", "core_user"."last_login", "core_user"."is_superuser", "core_user"."username", "core_user"."first_name", "core_user"."last_name", "core_user"."email", "core_user"."is_staff", "core_user"."is_active", "core_user"."date_joined", "core_user"."avatar", "core_user"."bio" FROM "core_user" WHERE "core_user"."id" = 3 LIMIT 21; args=(3,); alias=default
(0.000) SELECT "core_like"."id", "core_like"."user_id", "core_like"."post_id", "core_like"."created_at" FROM "core_like" WHERE "core_like"."post_id" = 1; args=(1,); alias=default
(0.000) SELECT COUNT(*) AS "__count" FROM "core_like" WHERE "core_like"."post_id" = 1; args=(1,); alias=default
(0.000) SELECT "core_comment"."id", "core_comment"."user_id", "core_comment"."post_id", "core_comment"."text", "core_comment"."created_at" FROM "core_comment" WHERE "core_comment"."post_id" = 1 LIMIT 3; args=(1,); alias=default
(0.000) SELECT "core_user"."id", "core_user"."password", "core_user"."last_login", "core_user"."is_superuser", "core_user"."username", "core_user"."first_name", "core_user"."last_name", "core_user"."email", "core_user"."is_staff", "core_user"."is_active", "core_user"."date_joined", "core_user"."avatar", "core_user"."bio" FROM "core_user" WHERE "core_user"."id" = 2 LIMIT 21; args=(2,); alias=default
(0.000) SELECT COUNT(*) AS "__count" FROM "core_comment" WHERE "core_comment"."post_id" = 1; args=(1,); alias=default
"GET / HTTP/1.1" 200 14193
"GET /media/posts/f3988fd5-db94-42cd-8342-a4007d4fed36.jpg HTTP/1.1" 304 0
Exception while resolving variable 'name' in template 'unknown'.
Traceback (most recent call last):
  File "C:\Users\User\AppData\Local\Programs\Python\Python313\Lib\site-packages\django\core\handlers\exception.py", line 55, in inner
    response = get_response(request)
  File "C:\Users\User\AppData\Local\Programs\Python\Python313\Lib\site-packages\django\core\handlers\base.py", line 197, in _get_response
    response = wrapped_callback(request, *callback_args, **callback_kwargs)
  File "C:\Users\User\AppData\Local\Programs\Python\Python313\Lib\site-packages\django\views\static.py", line 51, in serve
    raise Http404(_("“%(path)s” does not exist") % {"path": fullpath})
django.http.response.Http404: “C:\Users\User\Downloads\bannedgram-alex (1)\bannedgram-alex\banned_gram\media\posts\photo_5271831193882574932_y.jpg” does not exist

During handling of the above exception, another exception occurred:

Traceback (most recent call last):
  File "C:\Users\User\AppData\Local\Programs\Python\Python313\Lib\site-packages\django\template\base.py", line 883, in _resolve_lookup
    current = current[bit]
              ~~~~~~~^^^^^
TypeError: 'URLResolver' object is not subscriptable

During handling of the above exception, another exception occurred:

Traceback (most recent call last):
  File "C:\Users\User\AppData\Local\Programs\Python\Python313\Lib\site-packages\django\template\base.py", line 893, in _resolve_lookup
    current = getattr(current, bit)
AttributeError: 'URLResolver' object has no attribute 'name'

During handling of the above exception, another exception occurred:

Traceback (most recent call last):
  File "C:\Users\User\AppData\Local\Programs\Python\Python313\Lib\site-packages\django\template\base.py", line 899, in _resolve_lookup
    current = current[int(bit)]
                      ~~~^^^^^
ValueError: invalid literal for int() with base 10: 'name'

During handling of the above exception, another exception occurred:

Traceback (most recent call last):
  File "C:\Users\User\AppData\Local\Programs\Python\Python313\Lib\site-packages\django\template\base.py", line 906, in _resolve_lookup
    raise VariableDoesNotExist(
    ^^^^^^^^^^^^^^^^^^^^^^^^^^^
    ...<2 lines>...
    )  # missing attribute
    ^
django.template.base.VariableDoesNotExist: Failed lookup for key [name] in <URLResolver <URLPattern list> (admin:admin) 'admin/'>
Exception while resolving variable 'name' in template 'unknown'.
Traceback (most recent call last):
  File "C:\Users\User\AppData\Local\Programs\Python\Python313\Lib\site-packages\django\core\handlers\exception.py", line 55, in inner
    response = get_response(request)
  File "C:\Users\User\AppData\Local\Programs\Python\Python313\Lib\site-packages\django\core\handlers\base.py", line 197, in _get_response
    response = wrapped_callback(request, *callback_args, **callback_kwargs)
  File "C:\Users\User\AppData\Local\Programs\Python\Python313\Lib\site-packages\django\views\static.py", line 51, in serve
    raise Http404(_("“%(path)s” does not exist") % {"path": fullpath})
django.http.response.Http404: “C:\Users\User\Downloads\bannedgram-alex (1)\bannedgram-alex\banned_gram\media\posts\photo_5271831193882574932_y.jpg” does not exist

During handling of the above exception, another exception occurred:

Traceback (most recent call last):
  File "C:\Users\User\AppData\Local\Programs\Python\Python313\Lib\site-packages\django\template\base.py", line 883, in _resolve_lookup
    current = current[bit]
              ~~~~~~~^^^^^
TypeError: 'URLResolver' object is not subscriptable

During handling of the above exception, another exception occurred:

Traceback (most recent call last):
  File "C:\Users\User\AppData\Local\Programs\Python\Python313\Lib\site-packages\django\template\base.py", line 893, in _resolve_lookup
    current = getattr(current, bit)
AttributeError: 'URLResolver' object has no attribute 'name'

During handling of the above exception, another exception occurred:

Traceback (most recent call last):
  File "C:\Users\User\AppData\Local\Programs\Python\Python313\Lib\site-packages\django\template\base.py", line 899, in _resolve_lookup
    current = current[int(bit)]
                      ~~~^^^^^
ValueError: invalid literal for int() with base 10: 'name'

During handling of the above exception, another exception occurred:

Traceback (most recent call last):
  File "C:\Users\User\AppData\Local\Programs\Python\Python313\Lib\site-packages\django\template\base.py", line 906, in _resolve_lookup
    raise VariableDoesNotExist(
    ^^^^^^^^^^^^^^^^^^^^^^^^^^^
    ...<2 lines>...
    )  # missing attribute
    ^
django.template.base.VariableDoesNotExist: Failed lookup for key [name] in <URLResolver <module 'django.contrib.auth.urls' from 'C:\\Users\\User\\AppData\\Local\\Programs\\Python\\Python313\\Lib\\site-packages\\django\\contrib\\auth\\urls.py'> (None:None) 'accounts/'>
Exception while resolving variable 'name' in template 'unknown'.
Traceback (most recent call last):
  File "C:\Users\User\AppData\Local\Programs\Python\Python313\Lib\site-packages\django\core\handlers\exception.py", line 55, in inner
    response = get_response(request)
  File "C:\Users\User\AppData\Local\Programs\Python\Python313\Lib\site-packages\django\core\handlers\base.py", line 197, in _get_response
    response = wrapped_callback(request, *callback_args, **callback_kwargs)
  File "C:\Users\User\AppData\Local\Programs\Python\Python313\Lib\site-packages\django\views\static.py", line 51, in serve
    raise Http404(_("“%(path)s” does not exist") % {"path": fullpath})
django.http.response.Http404: “C:\Users\User\Downloads\bannedgram-alex (1)\bannedgram-alex\banned_gram\media\posts\photo_5271831193882574932_y.jpg” does not exist

During handling of the above exception, another exception occurred:

Traceback (most recent call last):
  File "C:\Users\User\AppData\Local\Programs\Python\Python313\Lib\site-packages\django\template\base.py", line 883, in _resolve_lookup
    current = current[bit]
              ~~~~~~~^^^^^
TypeError: 'URLResolver' object is not subscriptable

During handling of the above exception, another exception occurred:

Traceback (most recent call last):
  File "C:\Users\User\AppData\Local\Programs\Python\Python313\Lib\site-packages\django\template\base.py", line 893, in _resolve_lookup
    current = getattr(current, bit)
AttributeError: 'URLResolver' object has no attribute 'name'

During handling of the above exception, another exception occurred:

Traceback (most recent call last):
  File "C:\Users\User\AppData\Local\Programs\Python\Python313\Lib\site-packages\django\template\base.py", line 899, in _resolve_lookup
    current = current[int(bit)]
                      ~~~^^^^^
ValueError: invalid literal for int() with base 10: 'name'

During handling of the above exception, another exception occurred:

Traceback (most recent call last):
  File "C:\Users\User\AppData\Local\Programs\Python\Python313\Lib\site-packages\django\template\base.py", line 906, in _resolve_lookup
    raise VariableDoesNotExist(
    ^^^^^^^^^^^^^^^^^^^^^^^^^^^
    ...<2 lines>...
    )  # missing attribute
    ^
django.template.base.VariableDoesNotExist: Failed lookup for key [name] in <URLResolver <module 'core.urls' from 'C:\\Users\\User\\Downloads\\bannedgram-alex (1)\\bannedgram-alex\\banned_gram\\core\\urls.py'> (None:None) 'accounts/'>
Not Found: /media/posts/photo_5271831193882574932_y.jpg
"GET /media/posts/photo_5271831193882574932_y.jpg HTTP/1.1" 404 6550
(0.000) SELECT "django_session"."session_key", "django_session"."session_data", "django_session"."expire_date" FROM "django_session" WHERE ("django_session"."expire_date" > '2025-04-14 23:00:14.609610' AND "django_session"."session_key" = 'vl2ckpszzu30htybzcut5laprcsbb394') LIMIT 21; args=('2025-04-14 23:00:14.609610', 'vl2ckpszzu30htybzcut5laprcsbb394'); alias=default
(0.000) SELECT "core_user"."id", "core_user"."password", "core_user"."last_login", "core_user"."is_superuser", "core_user"."username", "core_user"."first_name", "core_user"."last_name", "core_user"."email", "core_user"."is_staff", "core_user"."is_active", "core_user"."date_joined", "core_user"."avatar", "core_user"."bio" FROM "core_user" WHERE "core_user"."id" = 5 LIMIT 21; args=(5,); alias=default
(0.000) SELECT "core_chat"."id", "core_chat"."user1_id", "core_chat"."user2_id", "core_chat"."created_at", MAX("core_message"."created_at") AS "last_message_time" FROM "core_chat" LEFT OUTER JOIN "core_message" ON ("core_chat"."id" = "core_message"."chat_id") WHERE ("core_chat"."user1_id" = 5 OR "core_chat"."user2_id" = 5) GROUP BY "core_chat"."id", "core_chat"."user1_id", "core_chat"."user2_id", "core_chat"."created_at" ORDER BY 5 DESC; args=(5, 5); alias=default
"GET /chats/ HTTP/1.1" 200 7708
(0.000) SELECT "django_session"."session_key", "django_session"."session_data", "django_session"."expire_date" FROM "django_session" WHERE ("django_session"."expire_date" > '2025-04-14 23:00:19.526933' AND "django_session"."session_key" = 'vl2ckpszzu30htybzcut5laprcsbb394') LIMIT 21; args=('2025-04-14 23:00:19.526933', 'vl2ckpszzu30htybzcut5laprcsbb394'); alias=default
(0.000) SELECT "core_user"."id", "core_user"."password", "core_user"."last_login", "core_user"."is_superuser", "core_user"."username", "core_user"."first_name", "core_user"."last_name", "core_user"."email", "core_user"."is_staff", "core_user"."is_active", "core_user"."date_joined", "core_user"."avatar", "core_user"."bio" FROM "core_user" WHERE "core_user"."id" = 5 LIMIT 21; args=(5,); alias=default
(0.000) SELECT "core_user"."id", "core_user"."password", "core_user"."last_login", "core_user"."is_superuser", "core_user"."username", "core_user"."first_name", "core_user"."last_name", "core_user"."email", "core_user"."is_staff", "core_user"."is_active", "core_user"."date_joined", "core_user"."avatar", "core_user"."bio" FROM "core_user" WHERE ("core_user"."username" LIKE '%dim%' ESCAPE '\' AND NOT ("core_user"."id" = 5)) LIMIT 10; args=('%dim%', 5); alias=default
"GET /api/search_users/?q=dim HTTP/1.1" 200 13
(0.000) SELECT "django_session"."session_key", "django_session"."session_data", "django_session"."expire_date" FROM "django_session" WHERE ("django_session"."expire_date" > '2025-04-14 23:00:19.530356' AND "django_session"."session_key" = 'vl2ckpszzu30htybzcut5laprcsbb394') LIMIT 21; args=('2025-04-14 23:00:19.530356', 'vl2ckpszzu30htybzcut5laprcsbb394'); alias=default
(0.000) SELECT "core_user"."id", "core_user"."password", "core_user"."last_login", "core_user"."is_superuser", "core_user"."username", "core_user"."first_name", "core_user"."last_name", "core_user"."email", "core_user"."is_staff", "core_user"."is_active", "core_user"."date_joined", "core_user"."avatar", "core_user"."bio" FROM "core_user" WHERE "core_user"."id" = 5 LIMIT 21; args=(5,); alias=default
(0.000) SELECT "core_user"."id", "core_user"."password", "core_user"."last_login", "core_user"."is_superuser", "core_user"."username", "core_user"."first_name", "core_user"."last_name", "core_user"."email", "core_user"."is_staff", "core_user"."is_active", "core_user"."date_joined", "core_user"."avatar", "core_user"."bio" FROM "core_user" WHERE ("core_user"."username" LIKE '%dim%' ESCAPE '\' AND NOT ("core_user"."id" = 5)) LIMIT 10; args=('%dim%', 5); alias=default
"GET /api/search_users/?q=dim HTTP/1.1" 200 13
(0.000) SELECT "django_session"."session_key", "django_session"."session_data", "django_session"."expire_date" FROM "django_session" WHERE ("django_session"."expire_date" > '2025-04-14 23:00:19.901331' AND "django_session"."session_key" = 'vl2ckpszzu30htybzcut5laprcsbb394') LIMIT 21; args=('2025-04-14 23:00:19.901331', 'vl2ckpszzu30htybzcut5laprcsbb394'); alias=default
(0.000) SELECT "core_user"."id", "core_user"."password", "core_user"."last_login", "core_user"."is_superuser", "core_user"."username", "core_user"."first_name", "core_user"."last_name", "core_user"."email", "core_user"."is_staff", "core_user"."is_active", "core_user"."date_joined", "core_user"."avatar", "core_user"."bio" FROM "core_user" WHERE "core_user"."id" = 5 LIMIT 21; args=(5,); alias=default
(0.000) SELECT "core_user"."id", "core_user"."password", "core_user"."last_login", "core_user"."is_superuser", "core_user"."username", "core_user"."first_name", "core_user"."last_name", "core_user"."email", "core_user"."is_staff", "core_user"."is_active", "core_user"."date_joined", "core_user"."avatar", "core_user"."bio" FROM "core_user" WHERE ("core_user"."username" LIKE '%dima%' ESCAPE '\' AND NOT ("core_user"."id" = 5)) LIMIT 10; args=('%dima%', 5); alias=default
"GET /api/search_users/?q=dima HTTP/1.1" 200 13
(0.000) SELECT "django_session"."session_key", "django_session"."session_data", "django_session"."expire_date" FROM "django_session" WHERE ("django_session"."expire_date" > '2025-04-14 23:00:19.904936' AND "django_session"."session_key" = 'vl2ckpszzu30htybzcut5laprcsbb394') LIMIT 21; args=('2025-04-14 23:00:19.904936', 'vl2ckpszzu30htybzcut5laprcsbb394'); alias=default
(0.000) SELECT "core_user"."id", "core_user"."password", "core_user"."last_login", "core_user"."is_superuser", "core_user"."username", "core_user"."first_name", "core_user"."last_name", "core_user"."email", "core_user"."is_staff", "core_user"."is_active", "core_user"."date_joined", "core_user"."avatar", "core_user"."bio" FROM "core_user" WHERE "core_user"."id" = 5 LIMIT 21; args=(5,); alias=default
(0.000) SELECT "core_user"."id", "core_user"."password", "core_user"."last_login", "core_user"."is_superuser", "core_user"."username", "core_user"."first_name", "core_user"."last_name", "core_user"."email", "core_user"."is_staff", "core_user"."is_active", "core_user"."date_joined", "core_user"."avatar", "core_user"."bio" FROM "core_user" WHERE ("core_user"."username" LIKE '%dima%' ESCAPE '\' AND NOT ("core_user"."id" = 5)) LIMIT 10; args=('%dima%', 5); alias=default
"GET /api/search_users/?q=dima HTTP/1.1" 200 13
(0.000) SELECT "django_session"."session_key", "django_session"."session_data", "django_session"."expire_date" FROM "django_session" WHERE ("django_session"."expire_date" > '2025-04-14 23:00:20.077220' AND "django_session"."session_key" = 'vl2ckpszzu30htybzcut5laprcsbb394') LIMIT 21; args=('2025-04-14 23:00:20.077220', 'vl2ckpszzu30htybzcut5laprcsbb394'); alias=default
(0.000) SELECT "core_user"."id", "core_user"."password", "core_user"."last_login", "core_user"."is_superuser", "core_user"."username", "core_user"."first_name", "core_user"."last_name", "core_user"."email", "core_user"."is_staff", "core_user"."is_active", "core_user"."date_joined", "core_user"."avatar", "core_user"."bio" FROM "core_user" WHERE "core_user"."id" = 5 LIMIT 21; args=(5,); alias=default
(0.000) SELECT "core_user"."id", "core_user"."password", "core_user"."last_login", "core_user"."is_superuser", "core_user"."username", "core_user"."first_name", "core_user"."last_name", "core_user"."email", "core_user"."is_staff", "core_user"."is_active", "core_user"."date_joined", "core_user"."avatar", "core_user"."bio" FROM "core_user" WHERE ("core_user"."username" LIKE '%dimas%' ESCAPE '\' AND NOT ("core_user"."id" = 5)) LIMIT 10; args=('%dimas%', 5); alias=default
"GET /api/search_users/?q=dimas HTTP/1.1" 200 13
(0.000) SELECT "django_session"."session_key", "django_session"."session_data", "django_session"."expire_date" FROM "django_session" WHERE ("django_session"."expire_date" > '2025-04-14 23:00:20.080393' AND "django_session"."session_key" = 'vl2ckpszzu30htybzcut5laprcsbb394') LIMIT 21; args=('2025-04-14 23:00:20.080393', 'vl2ckpszzu30htybzcut5laprcsbb394'); alias=default
(0.000) SELECT "core_user"."id", "core_user"."password", "core_user"."last_login", "core_user"."is_superuser", "core_user"."username", "core_user"."first_name", "core_user"."last_name", "core_user"."email", "core_user"."is_staff", "core_user"."is_active", "core_user"."date_joined", "core_user"."avatar", "core_user"."bio" FROM "core_user" WHERE "core_user"."id" = 5 LIMIT 21; args=(5,); alias=default
(0.000) SELECT "core_user"."id", "core_user"."password", "core_user"."last_login", "core_user"."is_superuser", "core_user"."username", "core_user"."first_name", "core_user"."last_name", "core_user"."email", "core_user"."is_staff", "core_user"."is_active", "core_user"."date_joined", "core_user"."avatar", "core_user"."bio" FROM "core_user" WHERE ("core_user"."username" LIKE '%dimas%' ESCAPE '\' AND NOT ("core_user"."id" = 5)) LIMIT 10; args=('%dimas%', 5); alias=default
"GET /api/search_users/?q=dimas HTTP/1.1" 200 13
(0.000) SELECT "django_session"."session_key", "django_session"."session_data", "django_session"."expire_date" FROM "django_session" WHERE ("django_session"."expire_date" > '2025-04-14 23:00:38.543277' AND "django_session"."session_key" = 'vl2ckpszzu30htybzcut5laprcsbb394') LIMIT 21; args=('2025-04-14 23:00:38.543277', 'vl2ckpszzu30htybzcut5laprcsbb394'); alias=default
(0.000) SELECT "core_user"."id", "core_user"."password", "core_user"."last_login", "core_user"."is_superuser", "core_user"."username", "core_user"."first_name", "core_user"."last_name", "core_user"."email", "core_user"."is_staff", "core_user"."is_active", "core_user"."date_joined", "core_user"."avatar", "core_user"."bio" FROM "core_user" WHERE "core_user"."id" = 5 LIMIT 21; args=(5,); alias=default
(0.000) SELECT "core_post"."id", "core_post"."user_id", "core_post"."image", "core_post"."caption", "core_post"."created_at" FROM "core_post" ORDER BY "core_post"."created_at" DESC; args=(); alias=default
(0.000) SELECT "core_user"."id", "core_user"."password", "core_user"."last_login", "core_user"."is_superuser", "core_user"."username", "core_user"."first_name", "core_user"."last_name", "core_user"."email", "core_user"."is_staff", "core_user"."is_active", "core_user"."date_joined", "core_user"."avatar", "core_user"."bio" FROM "core_user" WHERE "core_user"."id" = 5 LIMIT 21; args=(5,); alias=default
(0.000) SELECT "core_like"."id", "core_like"."user_id", "core_like"."post_id", "core_like"."created_at" FROM "core_like" WHERE "core_like"."post_id" = 5; args=(5,); alias=default
(0.000) SELECT COUNT(*) AS "__count" FROM "core_like" WHERE "core_like"."post_id" = 5; args=(5,); alias=default
(0.000) SELECT "core_comment"."id", "core_comment"."user_id", "core_comment"."post_id", "core_comment"."text", "core_comment"."created_at" FROM "core_comment" WHERE "core_comment"."post_id" = 5 LIMIT 3; args=(5,); alias=default
(0.000) SELECT "core_user"."id", "core_user"."password", "core_user"."last_login", "core_user"."is_superuser", "core_user"."username", "core_user"."first_name", "core_user"."last_name", "core_user"."email", "core_user"."is_staff", "core_user"."is_active", "core_user"."date_joined", "core_user"."avatar", "core_user"."bio" FROM "core_user" WHERE "core_user"."id" = 5 LIMIT 21; args=(5,); alias=default
(0.000) SELECT COUNT(*) AS "__count" FROM "core_comment" WHERE "core_comment"."post_id" = 5; args=(5,); alias=default
(0.000) SELECT "core_user"."id", "core_user"."password", "core_user"."last_login", "core_user"."is_superuser", "core_user"."username", "core_user"."first_name", "core_user"."last_name", "core_user"."email", "core_user"."is_staff", "core_user"."is_active", "core_user"."date_joined", "core_user"."avatar", "core_user"."bio" FROM "core_user" WHERE "core_user"."id" = 2 LIMIT 21; args=(2,); alias=default
(0.000) SELECT "core_like"."id", "core_like"."user_id", "core_like"."post_id", "core_like"."created_at" FROM "core_like" WHERE "core_like"."post_id" = 4; args=(4,); alias=default
(0.000) SELECT COUNT(*) AS "__count" FROM "core_like" WHERE "core_like"."post_id" = 4; args=(4,); alias=default
(0.000) SELECT "core_comment"."id", "core_comment"."user_id", "core_comment"."post_id", "core_comment"."text", "core_comment"."created_at" FROM "core_comment" WHERE "core_comment"."post_id" = 4 LIMIT 3; args=(4,); alias=default
(0.000) SELECT "core_user"."id", "core_user"."password", "core_user"."last_login", "core_user"."is_superuser", "core_user"."username", "core_user"."first_name", "core_user"."last_name", "core_user"."email", "core_user"."is_staff", "core_user"."is_active", "core_user"."date_joined", "core_user"."avatar", "core_user"."bio" FROM "core_user" WHERE "core_user"."id" = 4 LIMIT 21; args=(4,); alias=default
(0.000) SELECT COUNT(*) AS "__count" FROM "core_comment" WHERE "core_comment"."post_id" = 4; args=(4,); alias=default
(0.000) SELECT "core_user"."id", "core_user"."password", "core_user"."last_login", "core_user"."is_superuser", "core_user"."username", "core_user"."first_name", "core_user"."last_name", "core_user"."email", "core_user"."is_staff", "core_user"."is_active", "core_user"."date_joined", "core_user"."avatar", "core_user"."bio" FROM "core_user" WHERE "core_user"."id" = 2 LIMIT 21; args=(2,); alias=default
(0.000) SELECT "core_like"."id", "core_like"."user_id", "core_like"."post_id", "core_like"."created_at" FROM "core_like" WHERE "core_like"."post_id" = 3; args=(3,); alias=default
(0.000) SELECT COUNT(*) AS "__count" FROM "core_like" WHERE "core_like"."post_id" = 3; args=(3,); alias=default
(0.000) SELECT "core_comment"."id", "core_comment"."user_id", "core_comment"."post_id", "core_comment"."text", "core_comment"."created_at" FROM "core_comment" WHERE "core_comment"."post_id" = 3 LIMIT 3; args=(3,); alias=default
(0.000) SELECT "core_user"."id", "core_user"."password", "core_user"."last_login", "core_user"."is_superuser", "core_user"."username", "core_user"."first_name", "core_user"."last_name", "core_user"."email", "core_user"."is_staff", "core_user"."is_active", "core_user"."date_joined", "core_user"."avatar", "core_user"."bio" FROM "core_user" WHERE "core_user"."id" = 2 LIMIT 21; args=(2,); alias=default
(0.000) SELECT COUNT(*) AS "__count" FROM "core_comment" WHERE "core_comment"."post_id" = 3; args=(3,); alias=default
(0.000) SELECT "core_user"."id", "core_user"."password", "core_user"."last_login", "core_user"."is_superuser", "core_user"."username", "core_user"."first_name", "core_user"."last_name", "core_user"."email", "core_user"."is_staff", "core_user"."is_active", "core_user"."date_joined", "core_user"."avatar", "core_user"."bio" FROM "core_user" WHERE "core_user"."id" = 2 LIMIT 21; args=(2,); alias=default
(0.000) SELECT "core_like"."id", "core_like"."user_id", "core_like"."post_id", "core_like"."created_at" FROM "core_like" WHERE "core_like"."post_id" = 2; args=(2,); alias=default
(0.000) SELECT COUNT(*) AS "__count" FROM "core_like" WHERE "core_like"."post_id" = 2; args=(2,); alias=default
(0.000) SELECT "core_comment"."id", "core_comment"."user_id", "core_comment"."post_id", "core_comment"."text", "core_comment"."created_at" FROM "core_comment" WHERE "core_comment"."post_id" = 2 LIMIT 3; args=(2,); alias=default
(0.000) SELECT COUNT(*) AS "__count" FROM "core_comment" WHERE "core_comment"."post_id" = 2; args=(2,); alias=default
(0.000) SELECT "core_user"."id", "core_user"."password", "core_user"."last_login", "core_user"."is_superuser", "core_user"."username", "core_user"."first_name", "core_user"."last_name", "core_user"."email", "core_user"."is_staff", "core_user"."is_active", "core_user"."date_joined", "core_user"."avatar", "core_user"."bio" FROM "core_user" WHERE "core_user"."id" = 3 LIMIT 21; args=(3,); alias=default
(0.000) SELECT "core_like"."id", "core_like"."user_id", "core_like"."post_id", "core_like"."created_at" FROM "core_like" WHERE "core_like"."post_id" = 1; args=(1,); alias=default
(0.000) SELECT COUNT(*) AS "__count" FROM "core_like" WHERE "core_like"."post_id" = 1; args=(1,); alias=default
(0.000) SELECT "core_comment"."id", "core_comment"."user_id", "core_comment"."post_id", "core_comment"."text", "core_comment"."created_at" FROM "core_comment" WHERE "core_comment"."post_id" = 1 LIMIT 3; args=(1,); alias=default
(0.000) SELECT "core_user"."id", "core_user"."password", "core_user"."last_login", "core_user"."is_superuser", "core_user"."username", "core_user"."first_name", "core_user"."last_name", "core_user"."email", "core_user"."is_staff", "core_user"."is_active", "core_user"."date_joined", "core_user"."avatar", "core_user"."bio" FROM "core_user" WHERE "core_user"."id" = 2 LIMIT 21; args=(2,); alias=default
(0.000) SELECT COUNT(*) AS "__count" FROM "core_comment" WHERE "core_comment"."post_id" = 1; args=(1,); alias=default
"GET / HTTP/1.1" 200 14193
"GET /media/avatars/IMG_5868.JPG HTTP/1.1" 304 0
"GET /media/posts/f3988fd5-db94-42cd-8342-a4007d4fed36.jpg HTTP/1.1" 304 0
Exception while resolving variable 'name' in template 'unknown'.
Traceback (most recent call last):
  File "C:\Users\User\AppData\Local\Programs\Python\Python313\Lib\site-packages\django\core\handlers\exception.py", line 55, in inner
    response = get_response(request)
  File "C:\Users\User\AppData\Local\Programs\Python\Python313\Lib\site-packages\django\core\handlers\base.py", line 197, in _get_response
    response = wrapped_callback(request, *callback_args, **callback_kwargs)
  File "C:\Users\User\AppData\Local\Programs\Python\Python313\Lib\site-packages\django\views\static.py", line 51, in serve
    raise Http404(_("“%(path)s” does not exist") % {"path": fullpath})
django.http.response.Http404: “C:\Users\User\Downloads\bannedgram-alex (1)\bannedgram-alex\banned_gram\media\posts\photo_5271831193882574932_y.jpg” does not exist

During handling of the above exception, another exception occurred:

Traceback (most recent call last):
  File "C:\Users\User\AppData\Local\Programs\Python\Python313\Lib\site-packages\django\template\base.py", line 883, in _resolve_lookup
    current = current[bit]
              ~~~~~~~^^^^^
TypeError: 'URLResolver' object is not subscriptable

During handling of the above exception, another exception occurred:

Traceback (most recent call last):
  File "C:\Users\User\AppData\Local\Programs\Python\Python313\Lib\site-packages\django\template\base.py", line 893, in _resolve_lookup
    current = getattr(current, bit)
AttributeError: 'URLResolver' object has no attribute 'name'

During handling of the above exception, another exception occurred:

Traceback (most recent call last):
  File "C:\Users\User\AppData\Local\Programs\Python\Python313\Lib\site-packages\django\template\base.py", line 899, in _resolve_lookup
    current = current[int(bit)]
                      ~~~^^^^^
ValueError: invalid literal for int() with base 10: 'name'

During handling of the above exception, another exception occurred:

Traceback (most recent call last):
  File "C:\Users\User\AppData\Local\Programs\Python\Python313\Lib\site-packages\django\template\base.py", line 906, in _resolve_lookup
    raise VariableDoesNotExist(
    ^^^^^^^^^^^^^^^^^^^^^^^^^^^
    ...<2 lines>...
    )  # missing attribute
    ^
django.template.base.VariableDoesNotExist: Failed lookup for key [name] in <URLResolver <URLPattern list> (admin:admin) 'admin/'>
"GET /media/posts/IMG_1275.JPG HTTP/1.1" 304 0
"GET /media/path/to/image.jpg HTTP/1.1" 304 0
"GET /media/posts/image.png HTTP/1.1" 304 0
Exception while resolving variable 'name' in template 'unknown'.
Traceback (most recent call last):
  File "C:\Users\User\AppData\Local\Programs\Python\Python313\Lib\site-packages\django\core\handlers\exception.py", line 55, in inner
    response = get_response(request)
  File "C:\Users\User\AppData\Local\Programs\Python\Python313\Lib\site-packages\django\core\handlers\base.py", line 197, in _get_response
    response = wrapped_callback(request, *callback_args, **callback_kwargs)
  File "C:\Users\User\AppData\Local\Programs\Python\Python313\Lib\site-packages\django\views\static.py", line 51, in serve
    raise Http404(_("“%(path)s” does not exist") % {"path": fullpath})
django.http.response.Http404: “C:\Users\User\Downloads\bannedgram-alex (1)\bannedgram-alex\banned_gram\media\posts\photo_5271831193882574932_y.jpg” does not exist

During handling of the above exception, another exception occurred:

Traceback (most recent call last):
  File "C:\Users\User\AppData\Local\Programs\Python\Python313\Lib\site-packages\django\template\base.py", line 883, in _resolve_lookup
    current = current[bit]
              ~~~~~~~^^^^^
TypeError: 'URLResolver' object is not subscriptable

During handling of the above exception, another exception occurred:

Traceback (most recent call last):
  File "C:\Users\User\AppData\Local\Programs\Python\Python313\Lib\site-packages\django\template\base.py", line 893, in _resolve_lookup
    current = getattr(current, bit)
AttributeError: 'URLResolver' object has no attribute 'name'

During handling of the above exception, another exception occurred:

Traceback (most recent call last):
  File "C:\Users\User\AppData\Local\Programs\Python\Python313\Lib\site-packages\django\template\base.py", line 899, in _resolve_lookup
    current = current[int(bit)]
                      ~~~^^^^^
ValueError: invalid literal for int() with base 10: 'name'

During handling of the above exception, another exception occurred:

Traceback (most recent call last):
  File "C:\Users\User\AppData\Local\Programs\Python\Python313\Lib\site-packages\django\template\base.py", line 906, in _resolve_lookup
    raise VariableDoesNotExist(
    ^^^^^^^^^^^^^^^^^^^^^^^^^^^
    ...<2 lines>...
    )  # missing attribute
    ^
django.template.base.VariableDoesNotExist: Failed lookup for key [name] in <URLResolver <module 'django.contrib.auth.urls' from 'C:\\Users\\User\\AppData\\Local\\Programs\\Python\\Python313\\Lib\\site-packages\\django\\contrib\\auth\\urls.py'> (None:None) 'accounts/'>
Exception while resolving variable 'name' in template 'unknown'.
Traceback (most recent call last):
  File "C:\Users\User\AppData\Local\Programs\Python\Python313\Lib\site-packages\django\core\handlers\exception.py", line 55, in inner
    response = get_response(request)
  File "C:\Users\User\AppData\Local\Programs\Python\Python313\Lib\site-packages\django\core\handlers\base.py", line 197, in _get_response
    response = wrapped_callback(request, *callback_args, **callback_kwargs)
  File "C:\Users\User\AppData\Local\Programs\Python\Python313\Lib\site-packages\django\views\static.py", line 51, in serve
    raise Http404(_("“%(path)s” does not exist") % {"path": fullpath})
django.http.response.Http404: “C:\Users\User\Downloads\bannedgram-alex (1)\bannedgram-alex\banned_gram\media\posts\photo_5271831193882574932_y.jpg” does not exist

During handling of the above exception, another exception occurred:

Traceback (most recent call last):
  File "C:\Users\User\AppData\Local\Programs\Python\Python313\Lib\site-packages\django\template\base.py", line 883, in _resolve_lookup
    current = current[bit]
              ~~~~~~~^^^^^
TypeError: 'URLResolver' object is not subscriptable

During handling of the above exception, another exception occurred:

Traceback (most recent call last):
  File "C:\Users\User\AppData\Local\Programs\Python\Python313\Lib\site-packages\django\template\base.py", line 893, in _resolve_lookup
    current = getattr(current, bit)
AttributeError: 'URLResolver' object has no attribute 'name'

During handling of the above exception, another exception occurred:

Traceback (most recent call last):
  File "C:\Users\User\AppData\Local\Programs\Python\Python313\Lib\site-packages\django\template\base.py", line 899, in _resolve_lookup
    current = current[int(bit)]
                      ~~~^^^^^
ValueError: invalid literal for int() with base 10: 'name'

During handling of the above exception, another exception occurred:

Traceback (most recent call last):
  File "C:\Users\User\AppData\Local\Programs\Python\Python313\Lib\site-packages\django\template\base.py", line 906, in _resolve_lookup
    raise VariableDoesNotExist(
    ^^^^^^^^^^^^^^^^^^^^^^^^^^^
    ...<2 lines>...
    )  # missing attribute
    ^
django.template.base.VariableDoesNotExist: Failed lookup for key [name] in <URLResolver <module 'core.urls' from 'C:\\Users\\User\\Downloads\\bannedgram-alex (1)\\bannedgram-alex\\banned_gram\\core\\urls.py'> (None:None) 'accounts/'>
Not Found: /media/posts/photo_5271831193882574932_y.jpg
"GET /media/posts/photo_5271831193882574932_y.jpg HTTP/1.1" 404 6550
(0.000) SELECT "django_session"."session_key", "django_session"."session_data", "django_session"."expire_date" FROM "django_session" WHERE ("django_session"."expire_date" > '2025-04-14 23:00:51.186887' AND "django_session"."session_key" = 'vl2ckpszzu30htybzcut5laprcsbb394') LIMIT 21; args=('2025-04-14 23:00:51.186887', 'vl2ckpszzu30htybzcut5laprcsbb394'); alias=default
(0.000) SELECT "core_user"."id", "core_user"."password", "core_user"."last_login", "core_user"."is_superuser", "core_user"."username", "core_user"."first_name", "core_user"."last_name", "core_user"."email", "core_user"."is_staff", "core_user"."is_active", "core_user"."date_joined", "core_user"."avatar", "core_user"."bio" FROM "core_user" WHERE "core_user"."id" = 5 LIMIT 21; args=(5,); alias=default
(0.000) SELECT "core_user"."id", "core_user"."password", "core_user"."last_login", "core_user"."is_superuser", "core_user"."username", "core_user"."first_name", "core_user"."last_name", "core_user"."email", "core_user"."is_staff", "core_user"."is_active", "core_user"."date_joined", "core_user"."avatar", "core_user"."bio" FROM "core_user" WHERE "core_user"."username" = 'dimas' LIMIT 21; args=('dimas',); alias=default
(0.000) SELECT "core_post"."id", "core_post"."user_id", "core_post"."image", "core_post"."caption", "core_post"."created_at" FROM "core_post" WHERE "core_post"."user_id" = 5 ORDER BY "core_post"."created_at" DESC; args=(5,); alias=default
"GET /profile/ HTTP/1.1" 200 5721
"GET /media/posts/f3988fd5-db94-42cd-8342-a4007d4fed36.jpg HTTP/1.1" 304 0
(0.000) SELECT "django_session"."session_key", "django_session"."session_data", "django_session"."expire_date" FROM "django_session" WHERE ("django_session"."expire_date" > '2025-04-14 23:01:01.270497' AND "django_session"."session_key" = 'vl2ckpszzu30htybzcut5laprcsbb394') LIMIT 21; args=('2025-04-14 23:01:01.270497', 'vl2ckpszzu30htybzcut5laprcsbb394'); alias=default
(0.000) SELECT "core_user"."id", "core_user"."password", "core_user"."last_login", "core_user"."is_superuser", "core_user"."username", "core_user"."first_name", "core_user"."last_name", "core_user"."email", "core_user"."is_staff", "core_user"."is_active", "core_user"."date_joined", "core_user"."avatar", "core_user"."bio" FROM "core_user" WHERE "core_user"."id" = 5 LIMIT 21; args=(5,); alias=default
(0.000) SELECT "core_user"."id", "core_user"."password", "core_user"."last_login", "core_user"."is_superuser", "core_user"."username", "core_user"."first_name", "core_user"."last_name", "core_user"."email", "core_user"."is_staff", "core_user"."is_active", "core_user"."date_joined", "core_user"."avatar", "core_user"."bio" FROM "core_user" WHERE "core_user"."username" = 'dimas' LIMIT 21; args=('dimas',); alias=default
(0.000) SELECT "core_post"."id", "core_post"."user_id", "core_post"."image", "core_post"."caption", "core_post"."created_at" FROM "core_post" WHERE "core_post"."user_id" = 5 ORDER BY "core_post"."created_at" DESC; args=(5,); alias=default
"GET /profile/ HTTP/1.1" 200 5721
"GET /media/posts/f3988fd5-db94-42cd-8342-a4007d4fed36.jpg HTTP/1.1" 304 0
(0.000) SELECT "django_session"."session_key", "django_session"."session_data", "django_session"."expire_date" FROM "django_session" WHERE ("django_session"."expire_date" > '2025-04-14 23:01:03.555359' AND "django_session"."session_key" = 'vl2ckpszzu30htybzcut5laprcsbb394') LIMIT 21; args=('2025-04-14 23:01:03.555359', 'vl2ckpszzu30htybzcut5laprcsbb394'); alias=default
(0.000) SELECT "core_user"."id", "core_user"."password", "core_user"."last_login", "core_user"."is_superuser", "core_user"."username", "core_user"."first_name", "core_user"."last_name", "core_user"."email", "core_user"."is_staff", "core_user"."is_active", "core_user"."date_joined", "core_user"."avatar", "core_user"."bio" FROM "core_user" WHERE "core_user"."id" = 5 LIMIT 21; args=(5,); alias=default
(0.000) SELECT "core_post"."id", "core_post"."user_id", "core_post"."image", "core_post"."caption", "core_post"."created_at" FROM "core_post" ORDER BY "core_post"."created_at" DESC; args=(); alias=default
(0.000) SELECT "core_user"."id", "core_user"."password", "core_user"."last_login", "core_user"."is_superuser", "core_user"."username", "core_user"."first_name", "core_user"."last_name", "core_user"."email", "core_user"."is_staff", "core_user"."is_active", "core_user"."date_joined", "core_user"."avatar", "core_user"."bio" FROM "core_user" WHERE "core_user"."id" = 5 LIMIT 21; args=(5,); alias=default
(0.000) SELECT "core_like"."id", "core_like"."user_id", "core_like"."post_id", "core_like"."created_at" FROM "core_like" WHERE "core_like"."post_id" = 5; args=(5,); alias=default
(0.000) SELECT COUNT(*) AS "__count" FROM "core_like" WHERE "core_like"."post_id" = 5; args=(5,); alias=default
(0.000) SELECT "core_comment"."id", "core_comment"."user_id", "core_comment"."post_id", "core_comment"."text", "core_comment"."created_at" FROM "core_comment" WHERE "core_comment"."post_id" = 5 LIMIT 3; args=(5,); alias=default
(0.000) SELECT "core_user"."id", "core_user"."password", "core_user"."last_login", "core_user"."is_superuser", "core_user"."username", "core_user"."first_name", "core_user"."last_name", "core_user"."email", "core_user"."is_staff", "core_user"."is_active", "core_user"."date_joined", "core_user"."avatar", "core_user"."bio" FROM "core_user" WHERE "core_user"."id" = 5 LIMIT 21; args=(5,); alias=default
(0.000) SELECT COUNT(*) AS "__count" FROM "core_comment" WHERE "core_comment"."post_id" = 5; args=(5,); alias=default
(0.000) SELECT "core_user"."id", "core_user"."password", "core_user"."last_login", "core_user"."is_superuser", "core_user"."username", "core_user"."first_name", "core_user"."last_name", "core_user"."email", "core_user"."is_staff", "core_user"."is_active", "core_user"."date_joined", "core_user"."avatar", "core_user"."bio" FROM "core_user" WHERE "core_user"."id" = 2 LIMIT 21; args=(2,); alias=default
(0.000) SELECT "core_like"."id", "core_like"."user_id", "core_like"."post_id", "core_like"."created_at" FROM "core_like" WHERE "core_like"."post_id" = 4; args=(4,); alias=default
(0.000) SELECT COUNT(*) AS "__count" FROM "core_like" WHERE "core_like"."post_id" = 4; args=(4,); alias=default
(0.000) SELECT "core_comment"."id", "core_comment"."user_id", "core_comment"."post_id", "core_comment"."text", "core_comment"."created_at" FROM "core_comment" WHERE "core_comment"."post_id" = 4 LIMIT 3; args=(4,); alias=default
(0.000) SELECT "core_user"."id", "core_user"."password", "core_user"."last_login", "core_user"."is_superuser", "core_user"."username", "core_user"."first_name", "core_user"."last_name", "core_user"."email", "core_user"."is_staff", "core_user"."is_active", "core_user"."date_joined", "core_user"."avatar", "core_user"."bio" FROM "core_user" WHERE "core_user"."id" = 4 LIMIT 21; args=(4,); alias=default
(0.000) SELECT COUNT(*) AS "__count" FROM "core_comment" WHERE "core_comment"."post_id" = 4; args=(4,); alias=default
(0.000) SELECT "core_user"."id", "core_user"."password", "core_user"."last_login", "core_user"."is_superuser", "core_user"."username", "core_user"."first_name", "core_user"."last_name", "core_user"."email", "core_user"."is_staff", "core_user"."is_active", "core_user"."date_joined", "core_user"."avatar", "core_user"."bio" FROM "core_user" WHERE "core_user"."id" = 2 LIMIT 21; args=(2,); alias=default
(0.000) SELECT "core_like"."id", "core_like"."user_id", "core_like"."post_id", "core_like"."created_at" FROM "core_like" WHERE "core_like"."post_id" = 3; args=(3,); alias=default
(0.000) SELECT COUNT(*) AS "__count" FROM "core_like" WHERE "core_like"."post_id" = 3; args=(3,); alias=default
(0.000) SELECT "core_comment"."id", "core_comment"."user_id", "core_comment"."post_id", "core_comment"."text", "core_comment"."created_at" FROM "core_comment" WHERE "core_comment"."post_id" = 3 LIMIT 3; args=(3,); alias=default
(0.000) SELECT "core_user"."id", "core_user"."password", "core_user"."last_login", "core_user"."is_superuser", "core_user"."username", "core_user"."first_name", "core_user"."last_name", "core_user"."email", "core_user"."is_staff", "core_user"."is_active", "core_user"."date_joined", "core_user"."avatar", "core_user"."bio" FROM "core_user" WHERE "core_user"."id" = 2 LIMIT 21; args=(2,); alias=default
(0.000) SELECT COUNT(*) AS "__count" FROM "core_comment" WHERE "core_comment"."post_id" = 3; args=(3,); alias=default
(0.000) SELECT "core_user"."id", "core_user"."password", "core_user"."last_login", "core_user"."is_superuser", "core_user"."username", "core_user"."first_name", "core_user"."last_name", "core_user"."email", "core_user"."is_staff", "core_user"."is_active", "core_user"."date_joined", "core_user"."avatar", "core_user"."bio" FROM "core_user" WHERE "core_user"."id" = 2 LIMIT 21; args=(2,); alias=default
(0.000) SELECT "core_like"."id", "core_like"."user_id", "core_like"."post_id", "core_like"."created_at" FROM "core_like" WHERE "core_like"."post_id" = 2; args=(2,); alias=default
(0.000) SELECT COUNT(*) AS "__count" FROM "core_like" WHERE "core_like"."post_id" = 2; args=(2,); alias=default
(0.000) SELECT "core_comment"."id", "core_comment"."user_id", "core_comment"."post_id", "core_comment"."text", "core_comment"."created_at" FROM "core_comment" WHERE "core_comment"."post_id" = 2 LIMIT 3; args=(2,); alias=default
(0.000) SELECT COUNT(*) AS "__count" FROM "core_comment" WHERE "core_comment"."post_id" = 2; args=(2,); alias=default
(0.000) SELECT "core_user"."id", "core_user"."password", "core_user"."last_login", "core_user"."is_superuser", "core_user"."username", "core_user"."first_name", "core_user"."last_name", "core_user"."email", "core_user"."is_staff", "core_user"."is_active", "core_user"."date_joined", "core_user"."avatar", "core_user"."bio" FROM "core_user" WHERE "core_user"."id" = 3 LIMIT 21; args=(3,); alias=default
(0.000) SELECT "core_like"."id", "core_like"."user_id", "core_like"."post_id", "core_like"."created_at" FROM "core_like" WHERE "core_like"."post_id" = 1; args=(1,); alias=default
(0.000) SELECT COUNT(*) AS "__count" FROM "core_like" WHERE "core_like"."post_id" = 1; args=(1,); alias=default
(0.000) SELECT "core_comment"."id", "core_comment"."user_id", "core_comment"."post_id", "core_comment"."text", "core_comment"."created_at" FROM "core_comment" WHERE "core_comment"."post_id" = 1 LIMIT 3; args=(1,); alias=default
(0.000) SELECT "core_user"."id", "core_user"."password", "core_user"."last_login", "core_user"."is_superuser", "core_user"."username", "core_user"."first_name", "core_user"."last_name", "core_user"."email", "core_user"."is_staff", "core_user"."is_active", "core_user"."date_joined", "core_user"."avatar", "core_user"."bio" FROM "core_user" WHERE "core_user"."id" = 2 LIMIT 21; args=(2,); alias=default
(0.000) SELECT COUNT(*) AS "__count" FROM "core_comment" WHERE "core_comment"."post_id" = 1; args=(1,); alias=default
"GET / HTTP/1.1" 200 14192
Exception while resolving variable 'name' in template 'unknown'.
Traceback (most recent call last):
  File "C:\Users\User\AppData\Local\Programs\Python\Python313\Lib\site-packages\django\core\handlers\exception.py", line 55, in inner
    response = get_response(request)
  File "C:\Users\User\AppData\Local\Programs\Python\Python313\Lib\site-packages\django\core\handlers\base.py", line 197, in _get_response
    response = wrapped_callback(request, *callback_args, **callback_kwargs)
  File "C:\Users\User\AppData\Local\Programs\Python\Python313\Lib\site-packages\django\views\static.py", line 51, in serve
    raise Http404(_("“%(path)s” does not exist") % {"path": fullpath})
django.http.response.Http404: “C:\Users\User\Downloads\bannedgram-alex (1)\bannedgram-alex\banned_gram\media\posts\photo_5271831193882574932_y.jpg” does not exist

During handling of the above exception, another exception occurred:

Traceback (most recent call last):
  File "C:\Users\User\AppData\Local\Programs\Python\Python313\Lib\site-packages\django\template\base.py", line 883, in _resolve_lookup
    current = current[bit]
              ~~~~~~~^^^^^
TypeError: 'URLResolver' object is not subscriptable

During handling of the above exception, another exception occurred:

Traceback (most recent call last):
  File "C:\Users\User\AppData\Local\Programs\Python\Python313\Lib\site-packages\django\template\base.py", line 893, in _resolve_lookup
    current = getattr(current, bit)
AttributeError: 'URLResolver' object has no attribute 'name'

During handling of the above exception, another exception occurred:

Traceback (most recent call last):
  File "C:\Users\User\AppData\Local\Programs\Python\Python313\Lib\site-packages\django\template\base.py", line 899, in _resolve_lookup
    current = current[int(bit)]
                      ~~~^^^^^
ValueError: invalid literal for int() with base 10: 'name'

During handling of the above exception, another exception occurred:

Traceback (most recent call last):
  File "C:\Users\User\AppData\Local\Programs\Python\Python313\Lib\site-packages\django\template\base.py", line 906, in _resolve_lookup
    raise VariableDoesNotExist(
    ^^^^^^^^^^^^^^^^^^^^^^^^^^^
    ...<2 lines>...
    )  # missing attribute
    ^
django.template.base.VariableDoesNotExist: Failed lookup for key [name] in <URLResolver <URLPattern list> (admin:admin) 'admin/'>
Exception while resolving variable 'name' in template 'unknown'.
Traceback (most recent call last):
  File "C:\Users\User\AppData\Local\Programs\Python\Python313\Lib\site-packages\django\core\handlers\exception.py", line 55, in inner
    response = get_response(request)
  File "C:\Users\User\AppData\Local\Programs\Python\Python313\Lib\site-packages\django\core\handlers\base.py", line 197, in _get_response
    response = wrapped_callback(request, *callback_args, **callback_kwargs)
  File "C:\Users\User\AppData\Local\Programs\Python\Python313\Lib\site-packages\django\views\static.py", line 51, in serve
    raise Http404(_("“%(path)s” does not exist") % {"path": fullpath})
django.http.response.Http404: “C:\Users\User\Downloads\bannedgram-alex (1)\bannedgram-alex\banned_gram\media\posts\photo_5271831193882574932_y.jpg” does not exist

During handling of the above exception, another exception occurred:

Traceback (most recent call last):
  File "C:\Users\User\AppData\Local\Programs\Python\Python313\Lib\site-packages\django\template\base.py", line 883, in _resolve_lookup
    current = current[bit]
              ~~~~~~~^^^^^
TypeError: 'URLResolver' object is not subscriptable

During handling of the above exception, another exception occurred:

Traceback (most recent call last):
  File "C:\Users\User\AppData\Local\Programs\Python\Python313\Lib\site-packages\django\template\base.py", line 893, in _resolve_lookup
    current = getattr(current, bit)
AttributeError: 'URLResolver' object has no attribute 'name'

During handling of the above exception, another exception occurred:

Traceback (most recent call last):
  File "C:\Users\User\AppData\Local\Programs\Python\Python313\Lib\site-packages\django\template\base.py", line 899, in _resolve_lookup
    current = current[int(bit)]
                      ~~~^^^^^
ValueError: invalid literal for int() with base 10: 'name'

During handling of the above exception, another exception occurred:

Traceback (most recent call last):
  File "C:\Users\User\AppData\Local\Programs\Python\Python313\Lib\site-packages\django\template\base.py", line 906, in _resolve_lookup
    raise VariableDoesNotExist(
    ^^^^^^^^^^^^^^^^^^^^^^^^^^^
    ...<2 lines>...
    )  # missing attribute
    ^
django.template.base.VariableDoesNotExist: Failed lookup for key [name] in <URLResolver <module 'django.contrib.auth.urls' from 'C:\\Users\\User\\AppData\\Local\\Programs\\Python\\Python313\\Lib\\site-packages\\django\\contrib\\auth\\urls.py'> (None:None) 'accounts/'>
Exception while resolving variable 'name' in template 'unknown'.
Traceback (most recent call last):
  File "C:\Users\User\AppData\Local\Programs\Python\Python313\Lib\site-packages\django\core\handlers\exception.py", line 55, in inner
    response = get_response(request)
  File "C:\Users\User\AppData\Local\Programs\Python\Python313\Lib\site-packages\django\core\handlers\base.py", line 197, in _get_response
    response = wrapped_callback(request, *callback_args, **callback_kwargs)
  File "C:\Users\User\AppData\Local\Programs\Python\Python313\Lib\site-packages\django\views\static.py", line 51, in serve
    raise Http404(_("“%(path)s” does not exist") % {"path": fullpath})
django.http.response.Http404: “C:\Users\User\Downloads\bannedgram-alex (1)\bannedgram-alex\banned_gram\media\posts\photo_5271831193882574932_y.jpg” does not exist

During handling of the above exception, another exception occurred:

Traceback (most recent call last):
  File "C:\Users\User\AppData\Local\Programs\Python\Python313\Lib\site-packages\django\template\base.py", line 883, in _resolve_lookup
    current = current[bit]
              ~~~~~~~^^^^^
TypeError: 'URLResolver' object is not subscriptable

During handling of the above exception, another exception occurred:

Traceback (most recent call last):
  File "C:\Users\User\AppData\Local\Programs\Python\Python313\Lib\site-packages\django\template\base.py", line 893, in _resolve_lookup
    current = getattr(current, bit)
AttributeError: 'URLResolver' object has no attribute 'name'

During handling of the above exception, another exception occurred:

Traceback (most recent call last):
  File "C:\Users\User\AppData\Local\Programs\Python\Python313\Lib\site-packages\django\template\base.py", line 899, in _resolve_lookup
    current = current[int(bit)]
                      ~~~^^^^^
ValueError: invalid literal for int() with base 10: 'name'

During handling of the above exception, another exception occurred:

Traceback (most recent call last):
  File "C:\Users\User\AppData\Local\Programs\Python\Python313\Lib\site-packages\django\template\base.py", line 906, in _resolve_lookup
    raise VariableDoesNotExist(
    ^^^^^^^^^^^^^^^^^^^^^^^^^^^
    ...<2 lines>...
    )  # missing attribute
    ^
django.template.base.VariableDoesNotExist: Failed lookup for key [name] in <URLResolver <module 'core.urls' from 'C:\\Users\\User\\Downloads\\bannedgram-alex (1)\\bannedgram-alex\\banned_gram\\core\\urls.py'> (None:None) 'accounts/'>
Not Found: /media/posts/photo_5271831193882574932_y.jpg
"GET /media/posts/photo_5271831193882574932_y.jpg HTTP/1.1" 404 6550
(0.000) SELECT "django_session"."session_key", "django_session"."session_data", "django_session"."expire_date" FROM "django_session" WHERE ("django_session"."expire_date" > '2025-04-14 23:01:05.637354' AND "django_session"."session_key" = 'vl2ckpszzu30htybzcut5laprcsbb394') LIMIT 21; args=('2025-04-14 23:01:05.637354', 'vl2ckpszzu30htybzcut5laprcsbb394'); alias=default
(0.000) SELECT "core_user"."id", "core_user"."password", "core_user"."last_login", "core_user"."is_superuser", "core_user"."username", "core_user"."first_name", "core_user"."last_name", "core_user"."email", "core_user"."is_staff", "core_user"."is_active", "core_user"."date_joined", "core_user"."avatar", "core_user"."bio" FROM "core_user" WHERE "core_user"."id" = 5 LIMIT 21; args=(5,); alias=default
(0.000) SELECT "django_session"."session_key", "django_session"."session_data", "django_session"."expire_date" FROM "django_session" WHERE "django_session"."session_key" = 'vl2ckpszzu30htybzcut5laprcsbb394' LIMIT 21; args=('vl2ckpszzu30htybzcut5laprcsbb394',); alias=default
(0.006) DELETE FROM "django_session" WHERE "django_session"."session_key" IN ('vl2ckpszzu30htybzcut5laprcsbb394'); args=('vl2ckpszzu30htybzcut5laprcsbb394',); alias=default
"POST /accounts/logout/ HTTP/1.1" 302 0
"GET / HTTP/1.1" 302 0
"GET /accounts/login/?next=/ HTTP/1.1" 200 2168
File C:\Users\User\Downloads\bannedgram-alex (1)\bannedgram-alex\banned_gram\core\templates\registration previous mtime: 1744671521.8125193, current mtime: 1744671708.447106
C:\Users\User\Downloads\bannedgram-alex (1)\bannedgram-alex\banned_gram\core\templates\registration notified as changed. Signal results: [(<function template_changed at 0x00000194BA243B00>, True), (<function translation_file_changed at 0x00000194BB19D8A0>, None)].
File C:\Users\User\Downloads\bannedgram-alex (1)\bannedgram-alex\banned_gram\core\templates\registration\login.html previous mtime: 1744671516.0666342, current mtime: 1744671708.447106
C:\Users\User\Downloads\bannedgram-alex (1)\bannedgram-alex\banned_gram\core\templates\registration\login.html notified as changed. Signal results: [(<function template_changed at 0x00000194BA243B00>, True), (<function translation_file_changed at 0x00000194BB19D8A0>, None)].
"GET /accounts/login/?next=/ HTTP/1.1" 200 2075
"GET /signup/ HTTP/1.1" 200 2952
"GET /accounts/login/ HTTP/1.1" 200 2074
(0.000) SELECT "core_user"."id", "core_user"."password", "core_user"."last_login", "core_user"."is_superuser", "core_user"."username", "core_user"."first_name", "core_user"."last_name", "core_user"."email", "core_user"."is_staff", "core_user"."is_active", "core_user"."date_joined", "core_user"."avatar", "core_user"."bio" FROM "core_user" WHERE "core_user"."username" = 'dimas' LIMIT 21; args=('dimas',); alias=default
(0.000) SELECT 1 AS "a" FROM "django_session" WHERE "django_session"."session_key" = 'kk9fzocz1cb9scwa1f7kc19c9hfqiqrg' LIMIT 1; args=(1, 'kk9fzocz1cb9scwa1f7kc19c9hfqiqrg'); alias=default
(0.000) BEGIN; args=None; alias=default
(0.002) INSERT INTO "django_session" ("session_key", "session_data", "expire_date") VALUES ('kk9fzocz1cb9scwa1f7kc19c9hfqiqrg', 'e30:1u4Soe:SmUbWZLel68Yjlq85D540DErvjcUHqRgm978_cWQcqM', '2025-04-28 23:02:12.605418'); args=('kk9fzocz1cb9scwa1f7kc19c9hfqiqrg', 'e30:1u4Soe:SmUbWZLel68Yjlq85D540DErvjcUHqRgm978_cWQcqM', '2025-04-28 23:02:12.605418'); alias=default
(0.001) COMMIT; args=None; alias=default
(0.002) UPDATE "core_user" SET "last_login" = '2025-04-14 23:02:12.609600' WHERE "core_user"."id" = 5; args=('2025-04-14 23:02:12.609600', 5); alias=default
(0.000) BEGIN; args=None; alias=default
(0.000) UPDATE "django_session" SET "session_data" = '.eJxVjEEOwiAQRe_C2pAyZRBcuu8ZmoEZpGpoUtqV8e7apAvd_vfef6mRtrWMW5NlnFhdFKrT7xYpPaTugO9Ub7NOc12XKepd0QdtephZntfD_Tso1Mq37rwJ4oIw8jljDAYgZ3A2x5xMcrYPJNaT833X2YQAzBGBGJ1PIAbV-wPmuTfb:1u4Soe:5b_wJSyp8ryIDQCZIEDdfazEXoG-ufNen6GIhGk9ZNo', "expire_date" = '2025-04-28 23:02:12.612071' WHERE "django_session"."session_key" = 'kk9fzocz1cb9scwa1f7kc19c9hfqiqrg'; args=('.eJxVjEEOwiAQRe_C2pAyZRBcuu8ZmoEZpGpoUtqV8e7apAvd_vfef6mRtrWMW5NlnFhdFKrT7xYpPaTugO9Ub7NOc12XKepd0QdtephZntfD_Tso1Mq37rwJ4oIw8jljDAYgZ3A2x5xMcrYPJNaT833X2YQAzBGBGJ1PIAbV-wPmuTfb:1u4Soe:5b_wJSyp8ryIDQCZIEDdfazEXoG-ufNen6GIhGk9ZNo', '2025-04-28 23:02:12.612071', 'kk9fzocz1cb9scwa1f7kc19c9hfqiqrg'); alias=default
(0.001) COMMIT; args=None; alias=default
"POST /accounts/login/ HTTP/1.1" 302 0
(0.000) SELECT "django_session"."session_key", "django_session"."session_data", "django_session"."expire_date" FROM "django_session" WHERE ("django_session"."expire_date" > '2025-04-14 23:02:12.616879' AND "django_session"."session_key" = 'kk9fzocz1cb9scwa1f7kc19c9hfqiqrg') LIMIT 21; args=('2025-04-14 23:02:12.616879', 'kk9fzocz1cb9scwa1f7kc19c9hfqiqrg'); alias=default
(0.000) SELECT "core_user"."id", "core_user"."password", "core_user"."last_login", "core_user"."is_superuser", "core_user"."username", "core_user"."first_name", "core_user"."last_name", "core_user"."email", "core_user"."is_staff", "core_user"."is_active", "core_user"."date_joined", "core_user"."avatar", "core_user"."bio" FROM "core_user" WHERE "core_user"."id" = 5 LIMIT 21; args=(5,); alias=default
(0.000) SELECT "core_user"."id", "core_user"."password", "core_user"."last_login", "core_user"."is_superuser", "core_user"."username", "core_user"."first_name", "core_user"."last_name", "core_user"."email", "core_user"."is_staff", "core_user"."is_active", "core_user"."date_joined", "core_user"."avatar", "core_user"."bio" FROM "core_user" WHERE "core_user"."username" = 'dimas' LIMIT 21; args=('dimas',); alias=default
(0.000) SELECT "core_post"."id", "core_post"."user_id", "core_post"."image", "core_post"."caption", "core_post"."created_at" FROM "core_post" WHERE "core_post"."user_id" = 5 ORDER BY "core_post"."created_at" DESC; args=(5,); alias=default
"GET /accounts/profile/ HTTP/1.1" 200 5721
"GET /media/posts/f3988fd5-db94-42cd-8342-a4007d4fed36.jpg HTTP/1.1" 304 0
